customerRef,customerName,addressLine1,addressLine2,town,county,country,postcode
Yn8-77,Isabelita Clewlow,70 Merchant Park,Apt 1229,Xj8-45,,United Kingdom,1cj-71
ERd-60,Merle Kidner,32164 Dorton Hill,Suite 65,UAb-13,,United Kingdom,WjK-46
2EV-67,Duff Maryet,06625 Miller Point,6th Floor,2CD-28,,United Kingdom,Y9n-61
4DZ-01,Ethel Latey,8727 Clove Court,Suite 50,DdL-49,,United Kingdom,uag-07
6dz-34,Doralynne Chevalier,3 Claremont Hill,10th Floor,Nie-50,,United Kingdom,0jw-84
lVD-53,Hermia Marton,5 Browning Crossing,PO Box 41187,Spo-58,,United Kingdom,99E-58
FYQ-25,Dulciana Flight,6852 Mcbride Avenue,15th Floor,rZX-60,,United Kingdom,h2j-75
ejt-20,Chaunce Wark,35614 Ridge Oak Point,PO Box 39229,PJs-96,,United Kingdom,iys-00
QTx-93,Sascha Troucher,039 Dixon Point,Suite 75,601-24,,United Kingdom,fov-68
sH9-20,Si Beeston,48254 Parkside Circle,Room 933,Um4-61,,United Kingdom,YNC-58
vAM-61,Annabella Francisco,8 Oak Center,Room 463,jlf-33,,United Kingdom,1IT-98
lFD-00,Purcell Casetti,36491 Mifflin Way,Suite 27,TBs-11,,United Kingdom,WXz-50
1I7-24,Zsazsa Manhood,72616 Sycamore Drive,Suite 32,NuW-98,,United Kingdom,4Ey-06
Cmq-07,Gilly Legging,2407 Lunder Lane,PO Box 25998,021-03,,United Kingdom,elL-83
o87-86,Irvin Camelli,36 Ridgeview Point,Room 1498,mQw-98,,United Kingdom,4cF-17
gYi-06,Edie Akram,270 Buena Vista Lane,PO Box 60339,Lrg-75,,United Kingdom,Due-95
gSi-87,Marven Haslock(e),4863 Anzinger Drive,Room 1567,4Se-74,,United Kingdom,Li3-84
3QY-48,Shoshana Rapkins,63028 Melby Parkway,Apt 721,oVU-76,,United Kingdom,z1a-10
HKi-90,Polly Goodge,6959 Eggendart Junction,PO Box 26095,1v0-88,,United Kingdom,uaU-89
yF5-21,Irvin Annatt,7930 Sycamore Park,7th Floor,yf2-80,,United Kingdom,rBa-64
Lbi-86,Dorice Edwardson,057 Northwestern Place,Room 299,Hjp-12,,United Kingdom,h9R-52
utn-61,Kalinda Clemencon,3391 Muir Trail,Room 313,8yX-81,,United Kingdom,noR-84
akZ-74,Mendel Clarage,969 Cordelia Pass,PO Box 41129,DOE-82,,United Kingdom,X9n-47
yrx-20,Sib Bussey,383 Maywood Court,16th Floor,liQ-48,,United Kingdom,DLC-29
eNI-20,Joly Tubble,23 Del Mar Hill,Apt 139,YPL-54,,United Kingdom,dfl-53
D5r-17,Paquito Abelevitz,662 Carey Plaza,16th Floor,AWK-53,,United Kingdom,nLx-82
5LZ-67,Domeniga Bertelet,728 Daystar Way,Room 1649,37U-88,,United Kingdom,Qk6-87
UhS-22,Nollie Kieran,894 Twin Pines Parkway,Room 1340,qPX-99,,United Kingdom,IHW-23
4bi-50,Eve Forsyde,237 Westend Center,Apt 1554,rz1-30,,United Kingdom,J1H-52
O6l-04,Tedi Sparshott,2 Lindbergh Junction,Suite 66,IBJ-35,,United Kingdom,bye-85
YVm-89,Nichole Pinnington,8974 Victoria Junction,Apt 759,Dcz-95,,United Kingdom,RWR-42
gry-15,Hayes Maitland,5 Bonner Junction,19th Floor,X6q-27,,United Kingdom,T5j-52
uFb-75,Faber Fernan,90833 Goodland Terrace,Suite 84,T5A-66,,United Kingdom,Lbf-74
hkk-51,Crystal Martinello,30 Kings Alley,Suite 94,dKh-45,,United Kingdom,WHs-77
pDf-79,Dasya Colqueran,996 Novick Drive,PO Box 25964,6cC-26,,United Kingdom,drt-52
Sbg-82,Anny Eadmead,024 Claremont Court,Apt 1822,Qo9-89,,United Kingdom,gAh-43
Ogj-91,Pooh Williamson,7244 Crescent Oaks Plaza,Apt 73,mDt-64,,United Kingdom,gbW-03
Qsj-24,Wendye Crass,4880 Fordem Parkway,PO Box 81195,QwE-72,,United Kingdom,b7s-97
V3O-02,Tuck Soars,2 3rd Court,Apt 1434,RMF-06,,United Kingdom,D30-63
Sg0-70,Syd Strelitz,42 Mcguire Avenue,Suite 77,IMB-60,,United Kingdom,0Uy-12
9VD-67,Maggie Webben,8 Corry Lane,9th Floor,4Q4-00,,United Kingdom,g5v-98
GA4-32,Walker Fitzpatrick,30 Upham Park,PO Box 29026,AjZ-46,,United Kingdom,vYV-77
Z1t-16,Charissa Luddy,271 Ridgeview Court,PO Box 37650,VQ1-65,,United Kingdom,WZf-34
Dqo-66,Ulrick Muckle,42 Pankratz Road,1st Floor,J2n-52,,United Kingdom,1Zp-70
ff9-01,Kerry Feldman,5181 Roxbury Circle,14th Floor,8SA-78,,United Kingdom,3BQ-64
KHX-80,Rosaline Weine,584 Pankratz Avenue,4th Floor,Tpe-69,,United Kingdom,OAT-86
z9Q-99,Kit Osbiston,02155 Badeau Pass,PO Box 77718,r8D-05,,United Kingdom,X9M-79
Fh2-55,Pat Forsythe,3911 Carioca Center,10th Floor,cL1-22,,United Kingdom,PzD-08
g6Z-67,Rona Jeffries,8985 Dovetail Place,PO Box 24991,1EL-70,,United Kingdom,xaR-78
4pl-86,Nels Iacomelli,622 Derek Way,Apt 973,fnE-67,,United Kingdom,dCJ-35
sZe-53,Paloma Heffernan,63515 Amoth Terrace,6th Floor,7yg-30,,United Kingdom,dYD-23
m8C-39,Annissa Kilbourne,06 1st Junction,Apt 683,rZ7-89,,United Kingdom,Fbt-54
J43-96,Ashli Jean,24901 Russell Lane,16th Floor,FRM-67,,United Kingdom,Epg-55
VTW-51,Lamond de Vaen,155 Di Loreto Avenue,Apt 699,Q9I-68,,United Kingdom,6D2-06
bZ8-90,Ray Blakemore,04 Crowley Hill,Suite 71,nJW-05,,United Kingdom,B1A-81
RHe-19,Danette Markson,79 Dryden Trail,Apt 1024,voF-29,,United Kingdom,Y3B-68
zPC-10,Brenna Ranyard,36 Northport Hill,Suite 39,xNC-44,,United Kingdom,UF7-87
LnZ-03,Skyler Hethron,36735 Oriole Street,Room 1322,cyI-71,,United Kingdom,blH-78
sRA-06,Richardo Emmet,86 Manitowish Drive,Room 1666,y4d-84,,United Kingdom,6Xl-50
aOT-64,Ikey Cursons,5806 Brentwood Pass,Apt 289,e6B-61,,United Kingdom,rzR-30
ywz-30,Salim Gladstone,97815 Maryland Plaza,7th Floor,bxE-46,,United Kingdom,CSP-60
svJ-08,Adi Fasey,378 Oriole Drive,Apt 890,969-86,,United Kingdom,qRH-94
wXn-90,Giorgio Shirtliff,0 Everett Road,Apt 507,nIg-92,,United Kingdom,xuS-66
unY-87,Shurlocke Gregan,13502 Cordelia Park,Room 895,djo-34,,United Kingdom,3L5-21
nRE-97,Boy Catt,7843 Kipling Pass,Suite 60,KWW-96,,United Kingdom,NLd-67
QJR-22,Tait Pires,8448 Welch Parkway,Apt 1008,sOw-98,,United Kingdom,tz6-70
068-77,Sophi Bignold,25396 Butterfield Alley,Apt 673,IGv-88,,United Kingdom,h2i-32
cOw-79,Dorothy Bachanski,2 Onsgard Pass,8th Floor,TMD-51,,United Kingdom,wko-07
XUq-83,Deedee Mulvey,3 Esker Terrace,PO Box 46753,sWS-04,,United Kingdom,uzV-83
OXJ-40,Enriqueta Grinley,37589 Parkside Place,PO Box 90023,Rjj-24,,United Kingdom,fGm-59
jyf-44,Debera Bewlay,21 Iowa Court,Suite 20,0yB-97,,United Kingdom,7g9-79
DZk-80,Morganica Farland,108 Doe Crossing Hill,Apt 1076,ZNL-83,,United Kingdom,fja-97
SCK-36,Idette Christou,446 Sage Junction,16th Floor,RIT-87,,United Kingdom,A3q-76
H8x-59,Bettina Balcombe,0860 Knutson Parkway,Apt 179,elp-83,,United Kingdom,prM-81
uXR-62,Zerk Boxen,00007 Service Street,Apt 960,iUv-76,,United Kingdom,bEo-64
dWU-66,Roderic Stutte,0 Boyd Trail,Room 1656,Sng-00,,United Kingdom,TeS-30
iRu-11,Sibby Lening,605 Portage Avenue,Suite 55,YZ6-96,,United Kingdom,oeK-09
DNs-90,Dacey Annice,1 Stone Corner Way,Room 1757,hhD-24,,United Kingdom,Uh6-78
tXQ-97,Dannel St. Queintain,7 Anhalt Court,Suite 44,EL2-02,,United Kingdom,Woo-68
fLg-83,Ynez Pantecost,9722 Lillian Lane,17th Floor,ByC-93,,United Kingdom,D5r-41
Goc-81,Westley Bisp,4411 Hollow Ridge Park,Room 1684,VXu-59,,United Kingdom,Hpr-69
R7H-79,Lenee Mincher,216 Forest Run Center,2nd Floor,q5n-42,,United Kingdom,0yE-18
EiA-50,Ardra Chillingworth,52916 Roxbury Lane,Room 270,NZn-34,,United Kingdom,dZl-40
W7i-22,Alfy Milkin,29152 Manitowish Avenue,Apt 1115,pXn-28,,United Kingdom,q9H-84
0rg-86,Therine Jeram,31 Anniversary Point,Apt 110,7c8-19,,United Kingdom,qV7-19
M4N-79,Rasia Lorroway,7707 Oxford Plaza,PO Box 75436,pct-10,,United Kingdom,4Jk-89
17X-59,Lucina Whal,66787 Chive Way,Apt 210,uli-19,,United Kingdom,fB6-01
O5k-51,Borg Hatfield,3174 Nelson Center,16th Floor,XBs-45,,United Kingdom,AJN-05
3p4-14,Fredelia Stroton,20 Mariners Cove Lane,Room 560,k70-80,,United Kingdom,NXK-08
hYK-71,Ginger Passey,53774 West Junction,PO Box 86799,gbm-78,,United Kingdom,ZLQ-81
k3h-75,Kenton Pladen,68048 Upham Circle,Suite 24,MVD-61,,United Kingdom,OgX-61
J2I-27,Trudie Lackey,0 Packers Park,Suite 22,GwM-00,,United Kingdom,bAm-01
YnL-58,Conney Mohammed,32331 Delaware Hill,PO Box 14552,7mH-28,,United Kingdom,5u0-31
cB3-45,Andrea McConnachie,68349 Mallory Way,19th Floor,wRv-04,,United Kingdom,lWw-99
KZ0-99,Gwen Casali,15 Ramsey Way,Apt 1150,8wi-56,,United Kingdom,50K-30
pB1-26,Rebecka Jolliss,0 Mayer Crossing,7th Floor,6cK-50,,United Kingdom,UAf-10
4Rm-66,Monty Middleditch,9446 Elka Lane,Suite 6,j5P-63,,United Kingdom,3aE-11
sFU-80,Saxon Collaton,806 Elmside Pass,Suite 45,9HW-63,,United Kingdom,IEo-47
rYV-44,Obed Pennick,0484 Stephen Plaza,Suite 89,5I5-19,,United Kingdom,UIJ-31
WV5-38,Jonah Skures,9285 Pleasure Trail,9th Floor,2EX-31,,United Kingdom,jsW-38
R4X-00,Chauncey Grafton-Herbert,8 Prairieview Place,Suite 89,TMp-23,,United Kingdom,RHt-92
3BF-93,Sol Stilldale,79 Springs Lane,Suite 11,rlt-04,,United Kingdom,xnB-76
ER8-14,Corri McKitterick,5 Northport Alley,Apt 1312,vwQ-46,,United Kingdom,xcc-02
bgb-17,Claiborn Berrow,5 Towne Junction,Apt 1018,Nvx-23,,United Kingdom,s8l-81
hNP-36,Chadwick Roust,12 Sugar Plaza,Suite 58,oFT-36,,United Kingdom,LLm-27
CVi-76,Conant O' Gara,9 Londonderry Street,PO Box 10224,QvS-09,,United Kingdom,cvo-41
2oU-80,Wes Flacknoe,55 Village Center,Room 1572,QxP-27,,United Kingdom,JLy-06
Zzj-58,Inez Aylward,39 Main Park,Room 1494,6Ne-47,,United Kingdom,gUs-52
nTd-33,Janice Primak,00 Doe Crossing Lane,Suite 53,mVC-16,,United Kingdom,IFT-59
Mrs-15,Bathsheba Jozwicki,458 Hauk Court,Suite 66,moL-68,,United Kingdom,aOO-43
DWY-42,Maddie Tow,3463 Village Green Hill,Apt 1079,0yD-40,,United Kingdom,UVr-70
Qeh-97,Lucy McGillecole,6 Derek Alley,7th Floor,0Ah-37,,United Kingdom,2Cz-41
wIF-60,Celestia Davidai,93989 Independence Parkway,Apt 1770,PHN-51,,United Kingdom,WzW-02
Dcp-95,Cristobal Huitson,14 Golf View Pass,Apt 1363,t8B-94,,United Kingdom,bDs-61
2YR-50,Clayson Cragoe,73 Rigney Parkway,Room 616,JMr-03,,United Kingdom,KDq-23
xZj-22,Melesa Delgadillo,4788 Southridge Avenue,Suite 1,pCP-13,,United Kingdom,NyQ-10
Gpb-12,Dimitry Marriot,9 Ridgeview Alley,Room 855,Lps-34,,United Kingdom,7o0-53
Dka-64,Arleyne Cristol,85 Knutson Hill,12th Floor,Kh5-90,,United Kingdom,FuT-65
0dK-33,Arv Seakes,74083 Oriole Road,Room 422,E0u-62,,United Kingdom,FJ6-18
iV2-53,Emmey Rideout,3238 Carey Crossing,8th Floor,LKP-91,,United Kingdom,hms-12
WPY-94,Maia Petrollo,84502 Arizona Hill,PO Box 30088,48Q-18,,United Kingdom,QRH-53
rwM-47,Shaughn Kira,17724 Hanson Way,Suite 45,vw1-83,,United Kingdom,eI9-67
eMN-64,Mufinella Falkous,6636 Bultman Parkway,Apt 1544,NsN-36,,United Kingdom,M6H-42
W3P-39,Elbertina Selwyne,40819 Di Loreto Trail,4th Floor,1gW-14,,United Kingdom,Bc9-27
Gm5-48,Inez McTurlough,61038 Michigan Place,Suite 61,GVg-41,,United Kingdom,D86-59
nmU-69,Harlen Kee,31 Menomonie Road,Room 1574,5wc-93,,United Kingdom,ATF-27
tam-08,Annis Parke,9 Crest Line Avenue,PO Box 61247,in5-31,,United Kingdom,4NW-63
Twn-61,Tiebout Buye,355 Mallory Drive,PO Box 34485,Zwz-20,,United Kingdom,Sr9-68
DXT-67,Salim Barclay,50393 Kinsman Pass,Room 772,seR-50,,United Kingdom,WNL-95
eAp-85,Alysia Ziemsen,81 Havey Trail,10th Floor,dW0-96,,United Kingdom,HMu-24
zNp-92,Shirl Quig,16 Acker Junction,Apt 661,cqR-71,,United Kingdom,Wba-67
NSE-50,Timothee Aughtie,451 Veith Place,Suite 52,FGm-44,,United Kingdom,In1-29
ypP-83,Andras Rivitt,16 Debra Hill,Room 1264,2LG-33,,United Kingdom,dDL-88
xMr-82,Ronnica Mewha,140 Hagan Drive,PO Box 22082,vwY-50,,United Kingdom,Ti4-04
Nrr-09,Elwira O' Donohoe,57 Crownhardt Street,Room 938,Fk3-55,,United Kingdom,wBn-37
fx5-59,Brita Milson,2963 Bashford Hill,Suite 98,uNR-48,,United Kingdom,SBN-36
1V4-06,Neron Colquite,7 Pond Hill,Apt 343,Us4-37,,United Kingdom,ikW-48
UB6-64,Lorant O'Mahoney,34 Park Meadow Street,PO Box 788,rPB-95,,United Kingdom,9Rq-48
axR-31,Perl Wethered,7 Nancy Plaza,3rd Floor,6Zu-49,,United Kingdom,Ir7-90
ije-82,Waylan Tweedlie,77138 Kensington Avenue,Apt 1897,40F-05,,United Kingdom,qar-24
mtR-46,Port Sandbatch,992 John Wall Plaza,PO Box 82818,BSd-54,,United Kingdom,20k-27
5Zi-54,Joseito Matthesius,179 Shasta Plaza,PO Box 24135,I8t-59,,United Kingdom,Ulc-09
a0f-05,Ring Adamini,3288 Farragut Center,Room 354,1BV-98,,United Kingdom,0zk-51
w1K-63,Ewell Debrett,88 Cody Crossing,Suite 24,zdQ-58,,United Kingdom,U1P-00
20J-54,Catarina Kira,4022 Boyd Avenue,Apt 1755,NYy-58,,United Kingdom,0jC-13
Jp1-57,Kristoforo Foakes,623 Messerschmidt Lane,Suite 3,fOG-04,,United Kingdom,3gW-72
UuO-25,Giffie Matelaitis,024 International Street,Suite 19,DE4-69,,United Kingdom,eei-60
BO6-24,Melva Testin,38 Schmedeman Plaza,Room 428,FN8-53,,United Kingdom,FvZ-89
fE0-64,Eudora Normanell,9 Thierer Street,Room 1092,m1r-10,,United Kingdom,zPl-18
PLg-32,Kennie Reis,23 Graedel Parkway,PO Box 64658,Lvu-99,,United Kingdom,vzU-78
UBI-59,Garald Ivanitsa,3002 Merchant Terrace,Apt 322,KXT-71,,United Kingdom,nfd-71
WgD-02,Erick Pigford,02 Larry Park,Apt 1384,xm2-18,,United Kingdom,1O3-16
CkH-75,Sig Duding,5 Lotheville Pass,Apt 1272,Jrc-62,,United Kingdom,zTd-78
tx7-67,Ethyl Shurmer,9 Oak Valley Crossing,Suite 22,60l-48,,United Kingdom,nO0-65
tnl-16,Susanne Kiely,320 Clove Pass,Room 1760,6OU-15,,United Kingdom,VFZ-92
RhP-68,Elane McAmish,1 Elka Court,PO Box 75328,8j2-18,,United Kingdom,eQT-63
Uvi-13,Abie Ughetti,5522 Oneill Hill,Suite 73,8Hz-34,,United Kingdom,twI-21
Z7e-60,Iggy Vannikov,57 Brown Trail,PO Box 86661,3YF-24,,United Kingdom,hYu-21
Zaz-88,Edie Parken,96 Ridgeview Trail,PO Box 11447,4QE-04,,United Kingdom,snm-16
szp-70,Mahala Achromov,0 Goodland Court,PO Box 75335,jkn-32,,United Kingdom,aXv-49
VpQ-67,Misha Knowlton,3 Pepper Wood Junction,2nd Floor,LWk-97,,United Kingdom,s95-20
Mpe-51,Saleem Forth,92011 Lukken Crossing,6th Floor,D9s-21,,United Kingdom,Na8-05
AHs-63,Johna Blasetti,16 Morning Crossing,16th Floor,Udi-67,,United Kingdom,gHR-53
p4m-93,Arie Willshere,0 Garrison Pass,Suite 59,eyO-48,,United Kingdom,18h-07
FhP-12,Edna Fries,3 Emmet Trail,16th Floor,nuh-58,,United Kingdom,zsU-21
JlE-28,Hazlett Cheeney,9 Del Mar Point,Apt 1301,WB3-02,,United Kingdom,4ja-58
vuZ-83,Talbot Gianiello,66094 Milwaukee Trail,Suite 42,ycc-79,,United Kingdom,QSf-52
2Db-59,Ellis Mansford,5254 Darwin Hill,PO Box 39702,piM-60,,United Kingdom,n2h-21
sm1-13,Seward Ianilli,96 Hagan Park,Suite 7,jrV-62,,United Kingdom,I23-96
2VD-11,Hurlee Seint,3474 Arizona Crossing,1st Floor,ti3-76,,United Kingdom,ABI-17
tGd-95,Christin Elby,06566 Knutson Way,Room 768,uDl-43,,United Kingdom,9Zq-22
Ech-10,Pate Yanuk,39 5th Plaza,Suite 2,eLi-83,,United Kingdom,UfD-85
hDd-13,Millisent Wise,35 Lien Pass,Suite 91,bT8-26,,United Kingdom,XrB-67
6Zn-74,Carlos Bollands,8 Dakota Point,Room 386,mwW-53,,United Kingdom,Oyb-11
4Bc-34,Roi Marguerite,49849 Meadow Ridge Parkway,Suite 21,Qsn-98,,United Kingdom,0sN-75
bYh-40,Bendick Hackinge,7 Oak Trail,Room 549,xSE-17,,United Kingdom,xk2-34
o64-84,Gena Freegard,834 Dryden Hill,Apt 141,XBW-45,,United Kingdom,PIW-74
lox-54,Leontine Camin,5290 Hanson Road,Suite 84,hUD-83,,United Kingdom,J2C-20
O2l-23,Gerri McKinna,52507 Ohio Avenue,PO Box 68929,Tcr-56,,United Kingdom,jBD-03
0vD-15,Henrie Banbridge,94537 Pierstorff Court,Room 716,wXq-71,,United Kingdom,VC4-68
cyK-60,Derrik Girardini,31 Graedel Center,Room 73,fK0-69,,United Kingdom,R28-82
AYq-75,Chris Rolland,4 Charing Cross Drive,3rd Floor,eyk-60,,United Kingdom,7Xq-29
bm5-17,Lennard Konertz,303 Rockefeller Circle,PO Box 90614,dz2-77,,United Kingdom,rQp-06
1vH-56,Garik MacMeeking,81 Stone Corner Court,PO Box 89631,7Q1-63,,United Kingdom,BQn-39
KPD-79,Blair Norvell,27322 Old Gate Place,Apt 224,ojU-42,,United Kingdom,Xae-09
fQp-34,June Colliar,8 Sutteridge Point,1st Floor,2nD-96,,United Kingdom,kfh-17
ppr-01,Kamilah Scoggins,815 Summerview Street,Apt 1015,A7f-39,,United Kingdom,GQm-71
J96-04,Cullie Inworth,32253 Tennessee Street,PO Box 4032,Hd2-04,,United Kingdom,F7x-21
mc4-23,Waverly Cawood,6 Dapin Street,Suite 2,DKw-11,,United Kingdom,z8j-84
8CH-01,Lorrie Tathacott,861 Miller Street,PO Box 22587,o60-72,,United Kingdom,p9K-72
srR-82,Wilma Brumble,33061 American Ash Plaza,10th Floor,nMc-09,,United Kingdom,LDM-20
6Rs-21,Quentin Eary,90289 Fulton Court,Apt 1012,Fs8-01,,United Kingdom,gsP-71
QPa-40,Filia Cherryman,808 Laurel Terrace,PO Box 31089,Vru-51,,United Kingdom,aRn-37
qGc-53,Mahala Skeffington,50868 Springs Way,Suite 31,uBa-37,,United Kingdom,wkL-68
9pk-81,Mano Haugg,870 Milwaukee Drive,PO Box 2928,rPo-37,,United Kingdom,V55-93
aBJ-03,Isabelle Resun,46 Lillian Alley,Room 1030,IuO-66,,United Kingdom,pRp-41
6gV-83,Tamqrah Banasevich,46010 Mallard Park,PO Box 7447,g3H-65,,United Kingdom,qjs-80
8UR-62,Enrichetta Lassells,08 Talisman Street,Suite 95,ldW-98,,United Kingdom,VNY-87
sYQ-78,Sylvia Gregorowicz,6198 Lakeland Parkway,Apt 1579,mNn-97,,United Kingdom,655-04
sd4-63,Kaitlyn Kelley,6439 La Follette Park,PO Box 14411,8I1-74,,United Kingdom,kNW-06
tzV-61,Magnum Mostin,17 Autumn Leaf Parkway,8th Floor,5qz-28,,United Kingdom,QP0-41
vzx-83,Jeffie O'Connel,692 Summerview Place,PO Box 83121,ynD-73,,United Kingdom,uuY-76
zq5-13,Sheryl Wasson,686 Hansons Hill,Suite 40,New-26,,United Kingdom,4BM-46
7IL-90,Juline Jeyes,9245 Fair Oaks Parkway,Suite 19,wo4-52,,United Kingdom,NPt-95
Pjw-71,Gwynne Mughal,76064 Cody Junction,Apt 716,3n0-90,,United Kingdom,9l0-97
1Pr-85,Collie Zanutti,52 Duke Pass,Room 1380,Kbz-27,,United Kingdom,HWJ-64
7sp-18,Dorene Davidovici,366 Veith Court,PO Box 97846,KfY-74,,United Kingdom,Zk3-82
9uR-09,Ericha Wegenen,7 Browning Alley,2nd Floor,7zJ-89,,United Kingdom,X9a-33
sIC-51,Zack Berney,426 Summerview Circle,6th Floor,L23-61,,United Kingdom,GBE-09
m6w-84,Estrellita McGinnis,5 Melby Road,17th Floor,P5T-00,,United Kingdom,aR6-51
wx4-05,Godwin Ossulton,800 Laurel Hill,Room 746,TFT-12,,United Kingdom,ENH-20
QVL-53,Laurence Gosson,80 Westridge Terrace,1st Floor,MwE-43,,United Kingdom,A18-36
rmA-70,Ashleigh Kremer,2 Butternut Place,Room 127,qkT-12,,United Kingdom,W6l-23
oNh-81,Gertruda Medlicott,4 Graceland Park,Room 1425,2JS-79,,United Kingdom,zgS-75
pdM-74,Kennith McCrory,268 Florence Junction,Room 1328,USM-17,,United Kingdom,ZoC-54
Fuk-50,Hestia Oxborough,730 Grayhawk Junction,Suite 46,a9D-44,,United Kingdom,abP-05
ocE-09,Dede Shall,38256 Browning Plaza,Apt 1396,B7K-96,,United Kingdom,vre-31
lJz-19,Moise Curror,693 Ridgeway Crossing,Room 1034,q9W-44,,United Kingdom,RLX-11
wYl-14,Helli Allso,20451 Fisk Road,Room 1287,gaH-64,,United Kingdom,FfV-87
nNa-65,Hamel Hourican,36 Bunker Hill Crossing,Room 1040,wCQ-67,,United Kingdom,XMy-28
6uc-84,Patsy Duffit,9 Anhalt Alley,6th Floor,2bH-20,,United Kingdom,Fvd-77
4ZA-59,Linoel Matthiesen,12 School Street,Room 1648,mFQ-52,,United Kingdom,q1A-22
osd-27,Christen Briers,3907 Jay Road,2nd Floor,oTI-75,,United Kingdom,u0Z-94
DU8-23,Charmion Gallimore,2158 5th Trail,PO Box 77601,8eY-35,,United Kingdom,trG-95
1Gl-63,Roanna Sevier,24314 1st Road,Room 1002,VxZ-09,,United Kingdom,6ZQ-62
nZf-61,Zorine Askell,3 Ilene Way,Room 244,if2-24,,United Kingdom,sVm-83
2gJ-52,Joyan Fawdrey,40289 Porter Point,3rd Floor,8v4-53,,United Kingdom,DaU-48
O37-66,Salomon Chesser,3 Prairieview Alley,Apt 312,Oog-02,,United Kingdom,1EC-35
0dy-64,Cletus Lyttle,32796 Russell Road,Apt 1427,7uM-63,,United Kingdom,57b-96
1JW-31,Kippie Nordass,4905 Nobel Way,Room 519,r1P-68,,United Kingdom,yBx-90
voP-78,Jenni Glendining,2 Stephen Junction,Apt 753,2hL-06,,United Kingdom,gZN-24
uVU-41,Lorettalorna Ramage,79321 Jay Place,Room 1338,MJ4-60,,United Kingdom,2sV-20
J5x-08,Dawna Filyakov,61 Village Pass,PO Box 92007,1xh-25,,United Kingdom,IDp-18
qNy-41,Courtnay Skett,77380 Caliangt Point,Apt 352,VBW-56,,United Kingdom,kv1-51
H2e-02,Riordan Ramirez,190 Eastlawn Park,Suite 100,eaS-82,,United Kingdom,2Z6-26
Wwm-84,Cchaddie Leuren,45728 Garrison Street,Apt 1115,MKz-78,,United Kingdom,gKS-23
oYn-64,Doretta Yarrington,53 Valley Edge Point,5th Floor,Jkn-14,,United Kingdom,X0Y-96
3B0-63,Annis Crenage,987 Fairview Park,PO Box 95984,rYB-87,,United Kingdom,Crw-15
lld-69,Kipp Eddis,241 Everett Center,Room 1368,TFg-88,,United Kingdom,LYy-74
JsM-95,Darsey Pahl,54 Mallory Parkway,Suite 44,eE0-79,,United Kingdom,0iZ-21
Do6-79,Stearn Dafydd,9701 Jenna Court,Room 1086,uk3-03,,United Kingdom,c5E-35
XWP-97,Elladine Horburgh,614 Kim Road,Suite 92,9nV-80,,United Kingdom,xhs-76
K9l-16,Lynnelle Bedder,7703 Dakota Court,7th Floor,hPd-55,,United Kingdom,X0o-80
Rlb-23,Lilias Henke,385 Redwing Way,Room 1287,Gj6-84,,United Kingdom,Ypj-50
rpT-08,Urbain Rowden,7324 Lyons Center,Room 1371,jSG-39,,United Kingdom,5FI-96
hEc-29,Alysia Greatbanks,4385 Tony Circle,Apt 687,4v8-94,,United Kingdom,1zV-24
zMO-13,Francklin Venny,985 David Hill,Suite 75,ltl-41,,United Kingdom,kvt-16
sfj-69,Dinny Aubury,2466 North Drive,PO Box 81360,xdt-69,,United Kingdom,Rcq-58
wWX-95,Serge Parcall,6868 Summit Point,Room 1021,BIQ-83,,United Kingdom,F8b-57
OdS-87,Cordie Rosso,4572 Novick Drive,8th Floor,Mpz-39,,United Kingdom,91G-09
n0N-14,Heather Self,34 Darwin Hill,Room 994,jXx-70,,United Kingdom,HXT-08
G88-13,Brandtr Kopacek,0 Merry Avenue,Room 1081,j6F-99,,United Kingdom,TTz-02
kON-61,Henderson Niave,1834 Mayer Trail,Suite 14,O3R-96,,United Kingdom,k5O-68
V1o-88,Philis Elijahu,8 Pond Center,Apt 1675,anF-10,,United Kingdom,L8M-78
9at-82,Pattie Reinbech,5464 Mesta Parkway,13th Floor,sN0-11,,United Kingdom,Rcz-03
KHF-34,Moses Aulsford,88 Tony Drive,PO Box 74922,7wg-86,,United Kingdom,5Yn-87
qSP-12,Gillie Brockett,86069 Grim Park,PO Box 46663,9RJ-15,,United Kingdom,pY5-84
qwv-35,Far Balme,2606 Mendota Lane,Apt 1179,3Uy-66,,United Kingdom,jpl-90
Knl-75,Chery Smitherham,66399 Prentice Street,Apt 645,JYf-99,,United Kingdom,z6I-44
B27-85,Carmela Shoulder,92 Linden Point,PO Box 31163,zFw-37,,United Kingdom,ccl-11
eSn-84,Ruttger Tease,89101 Raven Park,Suite 29,Aj6-72,,United Kingdom,pdZ-07
bMV-83,Tiena Rowthorne,42 Barnett Court,Apt 908,Ma2-65,,United Kingdom,60c-27
ftf-46,Ardra Edmons,24190 Main Drive,Room 1475,Ufn-25,,United Kingdom,ots-64
iOT-81,Arni Wastall,1 Heath Way,PO Box 9518,rhv-28,,United Kingdom,k8J-59
8QC-12,Raffaello Kaye,4841 Troy Hill,Apt 1249,vY1-06,,United Kingdom,lry-47
tod-12,Belia Dwelly,3338 Westerfield Point,PO Box 66862,pSv-27,,United Kingdom,YhR-87
peL-49,Sigmund Flaonier,73 Manitowish Way,Apt 392,ac3-03,,United Kingdom,mQJ-45
M4o-65,Hagen Dinsell,9548 Ridge Oak Pass,Suite 52,FAr-04,,United Kingdom,PjL-45
G2U-60,Harlin Reagan,59 Heath Park,Room 307,1J4-59,,United Kingdom,bIg-77
1Wl-10,Yanaton de Mullett,65966 Florence Park,Apt 1639,xKJ-37,,United Kingdom,OzH-22
uJw-72,Vasilis Birdwhistell,29589 Reinke Avenue,Apt 577,XBu-56,,United Kingdom,Cnb-82
rYU-85,Baillie Roullier,07 Graceland Circle,Suite 43,zxV-90,,United Kingdom,wmI-87
civ-12,Delphinia Maudson,0995 Old Shore Street,Suite 95,hyn-08,,United Kingdom,Vls-55
WrC-00,Maible Scamaden,58 Little Fleur Center,Suite 70,r6Q-01,,United Kingdom,HhU-55
YSj-65,Rudiger Dowdeswell,3 Burning Wood Park,Suite 80,7ZI-28,,United Kingdom,GnO-19
4OW-59,Jaclyn Burds,42504 Walton Center,PO Box 35663,320-99,,United Kingdom,iPI-47
UZB-79,Valry Candlin,68592 Badeau Terrace,Room 879,Zk6-92,,United Kingdom,CqG-82
zVJ-04,Yves Jenson,590 Service Way,PO Box 3469,HoA-67,,United Kingdom,ds6-01
Fen-54,Antonino Armytage,13697 Little Fleur Way,14th Floor,rCv-83,,United Kingdom,Mk9-30
TQf-06,Clevey Seydlitz,673 Warner Junction,Suite 28,QW1-16,,United Kingdom,mqB-87
Qyc-23,Arlie Goodlud,72 Crest Line Junction,8th Floor,SRm-29,,United Kingdom,ixt-53
1AL-77,Haley Furnell,714 Toban Road,PO Box 36732,6dN-44,,United Kingdom,Tqh-63
4b2-59,Catarina Comello,15 Memorial Park,Suite 67,xiE-59,,United Kingdom,SHz-06
e21-85,Hestia Crosston,55 Clove Hill,PO Box 1685,gXC-47,,United Kingdom,2FN-19
u5K-30,Alyse Benitti,728 Declaration Pass,PO Box 7275,YO8-90,,United Kingdom,LcG-32
OwK-66,Joan Raggatt,09 Crest Line Point,17th Floor,Waa-26,,United Kingdom,rvT-60
MGD-82,Benedetta Cogzell,1068 Nelson Circle,PO Box 68714,KuA-60,,United Kingdom,wsN-90
KkZ-32,Morie Iveans,4 Stuart Crossing,PO Box 60375,WiL-43,,United Kingdom,K2S-47
enI-15,Myrilla Lorman,38152 Pennsylvania Drive,15th Floor,eBZ-49,,United Kingdom,ynN-95
z5D-92,Lois Eager,58 Quincy Plaza,Apt 1770,Pkr-51,,United Kingdom,ZNf-44
hXb-58,Kelley Haton,4 Moulton Circle,Apt 1747,mPG-92,,United Kingdom,5LS-80
fay-53,Pepita Loren,8032 Ridgeview Hill,PO Box 49786,CzY-45,,United Kingdom,RUh-62
zKU-47,Marguerite Hatfull,32 Esker Hill,Apt 1850,Om2-70,,United Kingdom,dn8-98
h0M-99,Elora Bennellick,51238 Forest Run Drive,Apt 377,kv2-79,,United Kingdom,Cro-17
qHj-09,Lorry Skaife,1568 Merchant Circle,1st Floor,EHf-08,,United Kingdom,ZDL-52
qA0-09,Obadiah Shervil,765 Oak Hill,Room 839,HS8-69,,United Kingdom,h40-57
PD4-95,Sean Peaker,77 Twin Pines Terrace,8th Floor,d3o-91,,United Kingdom,m6N-38
ERK-94,Chev Readwood,1241 Fieldstone Plaza,Room 529,VN7-65,,United Kingdom,ysT-79
s1O-23,Zandra Ferry,6142 Hoepker Park,Suite 2,uma-04,,United Kingdom,aMB-49
spm-80,Ruby Bordone,45 Lillian Park,Room 774,tk1-23,,United Kingdom,9JW-38
jqy-75,Devlen Noades,729 Susan Plaza,20th Floor,2VJ-33,,United Kingdom,ynu-69
hXO-34,Emilee Wessell,8 Milwaukee Center,7th Floor,ChU-12,,United Kingdom,aGR-81
m41-09,Virgina Avard,18 Dottie Alley,Apt 1700,wO4-72,,United Kingdom,G24-53
jhu-25,Regan Daulby,81958 Jenifer Court,Apt 1398,4f4-39,,United Kingdom,0fP-54
wHt-96,Richmond Sorton,409 Grover Street,PO Box 26587,g3V-21,,United Kingdom,EbT-49
NQs-25,Mag Herkess,25 Mcguire Court,10th Floor,QAW-03,,United Kingdom,ODg-64
0ZE-69,Liana Gomer,77334 Porter Pass,20th Floor,7tR-90,,United Kingdom,6pW-96
6A0-53,Liva Ludee,5220 Warner Terrace,Room 1424,9BJ-23,,United Kingdom,tSf-06
kjV-23,Holly Rawlinson,57 Oriole Drive,5th Floor,4ap-84,,United Kingdom,D9m-73
xNJ-48,Britta Rance,77796 Kingsford Terrace,Apt 645,IKV-02,,United Kingdom,DDJ-34
Dfn-98,Ardenia Bywater,709 Declaration Point,PO Box 71741,lz4-89,,United Kingdom,Kj7-95
FXq-74,Ashly Retchless,2 Anderson Center,Suite 25,UKb-69,,United Kingdom,zXx-59
VTG-55,Ewell Studders,34 Thackeray Center,PO Box 71085,8nX-90,,United Kingdom,TuN-89
LfN-56,Leta Gussie,44250 Thompson Crossing,PO Box 76380,ExU-02,,United Kingdom,2Bi-24
PEt-53,Tina Dutch,20 East Terrace,PO Box 86521,7TK-07,,United Kingdom,4co-69
0iE-48,Garnette Niblett,379 Karstens Center,Apt 171,81W-58,,United Kingdom,tPK-49
R84-43,Glenn Canizares,9142 Garrison Court,Room 75,IPR-86,,United Kingdom,nhb-97
hpv-04,Rab Norvell,69 Chive Circle,13th Floor,qBv-02,,United Kingdom,5tZ-65
ZpC-16,Travers Wong,9 Sycamore Avenue,Suite 12,AR6-83,,United Kingdom,dLk-68
Ozz-61,Huntington Kildahl,05329 Bunker Hill Alley,PO Box 40252,6R6-01,,United Kingdom,GBe-92
QJV-76,Etty Blader,5767 Longview Road,Room 1172,8VZ-87,,United Kingdom,oik-83
nsi-57,Tonye MacGaughie,0750 Continental Trail,18th Floor,hIn-44,,United Kingdom,Qig-25
ThK-13,Marion Tummond,894 Fallview Junction,Suite 19,dQt-53,,United Kingdom,SGb-25
KQZ-92,Waldon Cressey,432 Vidon Alley,Apt 1109,ZNr-24,,United Kingdom,7K7-40
p8O-33,Sharity Lafont,9 Tennessee Street,Suite 47,857-97,,United Kingdom,TTC-73
aM2-67,Francoise Bent,61 Rutledge Avenue,Suite 11,Ecw-18,,United Kingdom,kRI-85
017-27,Hanny Borit,86440 Dahle Parkway,3rd Floor,qqc-10,,United Kingdom,ipB-25
6CV-44,Linea Marriage,638 Porter Place,14th Floor,b1M-65,,United Kingdom,sVh-04
jZR-36,Claudianus Shiers,442 Schlimgen Pass,Suite 45,BdD-47,,United Kingdom,hT2-41
WVw-96,Grete Sam,669 Lerdahl Junction,20th Floor,kV9-53,,United Kingdom,EGq-96
Glv-85,Vin Pickless,50744 Main Junction,PO Box 38257,rnw-69,,United Kingdom,PFo-95
El0-08,Daryn Fortnum,89 Maywood Road,Suite 49,0eg-29,,United Kingdom,OCB-41
jOS-75,Deloria Worthy,9 Golden Leaf Way,Room 1389,k8M-79,,United Kingdom,vd5-60
QV2-86,Andris Melly,7711 Stephen Court,PO Box 6257,K1X-59,,United Kingdom,5P8-09
uUa-03,Laryssa Abdy,768 Havey Plaza,Suite 46,dOp-07,,United Kingdom,uJ0-62
urk-76,Kanya Manjin,08079 Delladonna Junction,17th Floor,r83-74,,United Kingdom,zsj-96
ILX-59,Glynn Rassell,1123 Del Mar Court,PO Box 95168,386-07,,United Kingdom,lZ8-69
ZOH-42,Lon Abson,648 American Center,5th Floor,eqZ-55,,United Kingdom,WUD-43
45E-53,Thorsten Normandale,3 Manley Trail,Suite 77,CWx-29,,United Kingdom,qse-08
KjG-96,Arden Anfosso,6 Scoville Place,PO Box 85500,vOz-60,,United Kingdom,bRp-96
sxg-00,Francene Conybear,16 Mcbride Center,Suite 23,F8C-26,,United Kingdom,d41-93
y3q-53,Deerdre Danielou,53 Armistice Crossing,Room 480,eXo-50,,United Kingdom,QzX-94
pKc-66,Emelia Conkey,495 5th Way,13th Floor,d0K-72,,United Kingdom,6aw-31
7Vs-60,Yurik Bartles,006 Mayer Road,Room 272,wml-20,,United Kingdom,s9t-91
XD8-65,Cornall Rubinovitch,0 Hallows Junction,10th Floor,ear-77,,United Kingdom,LAF-91
ryy-44,Xaviera Hiddsley,13910 Ramsey Drive,6th Floor,1ws-64,,United Kingdom,hWx-56
YVN-90,Piotr Borkett,36300 Dixon Avenue,Room 1403,dBY-58,,United Kingdom,7nY-42
G0a-04,Drusie LAbbet,604 Kennedy Drive,Suite 93,2fa-18,,United Kingdom,TwT-14
POg-60,Kizzee Brosio,9 Fairfield Road,PO Box 53532,23M-75,,United Kingdom,YLO-33
L5z-03,Stormie Keling,109 Hazelcrest Center,Apt 1834,afL-81,,United Kingdom,gjP-38
iBl-88,Monah Morewood,0799 Westerfield Place,3rd Floor,7DG-17,,United Kingdom,XMy-84
XV0-37,Helga Lucius,0 Dahle Way,Suite 63,fQZ-91,,United Kingdom,ugi-90
RU1-32,Ailsun Brandes,231 Waubesa Pass,7th Floor,imb-72,,United Kingdom,x2u-72
xxj-96,Sanders Ellerton,9412 Hermina Court,7th Floor,Ijf-68,,United Kingdom,qyq-78
LEY-68,Felisha Pettus,56084 Summer Ridge Avenue,Room 367,cKP-73,,United Kingdom,Lcx-24
5JP-40,Minny Oslar,314 Ramsey Circle,PO Box 98581,pvW-88,,United Kingdom,5pq-94
1Gv-65,Sean Darker,9306 Rieder Park,Apt 613,y4e-12,,United Kingdom,JrQ-46
Y1N-17,Randolph McGeoch,557 Scofield Terrace,Apt 1399,Aap-75,,United Kingdom,BTZ-63
99n-68,Monroe Malarkey,5056 Division Trail,Apt 1970,Hfu-57,,United Kingdom,AlT-16
KFs-47,Wendy Brehaut,9 Jana Lane,Apt 1850,iIZ-30,,United Kingdom,Ov8-96
t7p-90,Anjela Fronczak,394 Bunting Drive,Suite 47,FJC-72,,United Kingdom,hla-77
97v-61,Lauritz Pietrusiak,08 7th Hill,PO Box 1089,dBe-65,,United Kingdom,8tn-16
u72-69,Vilhelmina Standidge,6 Barby Lane,Apt 683,B49-38,,United Kingdom,CwB-78
m4J-35,Joelynn Whitmarsh,9 Loeprich Court,PO Box 62268,Mx1-89,,United Kingdom,WOU-09
swd-02,Edgard Elis,5868 Manufacturers Terrace,PO Box 93511,2R6-59,,United Kingdom,E85-41
x90-30,Jessalin Hockell,4 Melvin Pass,11th Floor,Xy0-11,,United Kingdom,Tzd-82
33o-51,Ewell Kiddie,0 Amoth Place,Suite 48,JQm-05,,United Kingdom,lg1-85
8v9-52,Ofelia De Benedictis,0604 Farmco Terrace,Room 1424,Wn7-86,,United Kingdom,TFZ-68
B9W-12,Hedvig Moffett,7452 Debra Lane,Suite 63,jtL-83,,United Kingdom,riu-20
1LX-59,Baxie Ginsie,055 Vahlen Way,Suite 48,zUj-16,,United Kingdom,LbX-61
V3f-05,Susanna Baleine,3443 Melrose Hill,Room 393,2DZ-84,,United Kingdom,vPb-22
sxF-96,Adlai Daybell,96191 Lake View Hill,Apt 675,013-64,,United Kingdom,3GZ-22
WTZ-31,Warren Witherbed,64 Birchwood Alley,12th Floor,U1F-77,,United Kingdom,KEB-39
9oe-37,Bertie Jentzsch,7 Thackeray Way,Room 1935,Skz-10,,United Kingdom,ESK-37
kYQ-02,Sigismondo Norledge,9975 Pennsylvania Pass,PO Box 73466,ouy-84,,United Kingdom,Rcp-62
TIr-66,Scottie Ruffell,60 Marquette Crossing,Suite 88,zts-21,,United Kingdom,C6i-98
Z2T-79,Ernestine Howroyd,3 Stoughton Lane,Suite 43,MBL-33,,United Kingdom,JZt-03
WXc-76,Wilden Lorentzen,1304 Toban Lane,PO Box 64122,kZJ-96,,United Kingdom,cCM-19
0nv-42,Carmella Malcolmson,81791 Westend Court,Room 699,nw2-49,,United Kingdom,xmX-71
gvL-41,Wilma Audry,47959 Oak Valley Circle,Room 1053,aNj-58,,United Kingdom,SGM-84
L41-97,Willyt Stigers,122 Beilfuss Plaza,Apt 128,uLN-47,,United Kingdom,QP0-26
nMQ-57,Jemie Tomlett,2444 Steensland Point,Room 1814,Ped-88,,United Kingdom,aHw-56
S0x-69,Udell Sarson,14 Maple Park,PO Box 40121,WKv-93,,United Kingdom,PkJ-38
7Pe-12,Eddy Cohen,9 3rd Pass,PO Box 72468,414-32,,United Kingdom,4fg-63
QSC-97,Phaedra Darlington,023 8th Plaza,PO Box 74429,wWw-27,,United Kingdom,IEO-98
08r-26,Jessy Galtone,04 Union Road,8th Floor,Ojx-80,,United Kingdom,9pR-10
MzU-49,Teresina Stearn,145 Mallard Way,Suite 75,crq-83,,United Kingdom,VjK-03
FGz-10,Shaylyn Dubble,18 Moulton Place,4th Floor,PAR-93,,United Kingdom,Ds2-54
ox9-33,Albina Odgers,0 Superior Junction,Apt 1095,wfm-26,,United Kingdom,5lX-47
SYi-39,Vittoria Girdler,457 Monument Way,Suite 61,qYF-17,,United Kingdom,3NY-71
QGp-33,Beverie Cowgill,7061 Briar Crest Parkway,14th Floor,o8z-80,,United Kingdom,k67-77
7Lf-82,Evaleen Stack,9 Carey Hill,PO Box 56688,syJ-52,,United Kingdom,jJE-48
1XI-46,Ki Harcase,4 Warner Pass,15th Floor,Zed-75,,United Kingdom,uLG-71
5Xf-26,Johny Kruschev,42 Eastlawn Alley,PO Box 40347,FaY-66,,United Kingdom,N2E-39
vXH-63,Adolpho Tregien,9 Superior Avenue,Suite 35,TRr-02,,United Kingdom,BBU-75
JDd-11,Kellen Insley,2080 Elka Place,PO Box 73298,nDr-47,,United Kingdom,omI-95
nwB-57,Ryley Sandys,2 Texas Crossing,Apt 1029,f6S-12,,United Kingdom,LKh-32
dt1-41,Nita Mort,1641 Weeping Birch Circle,Suite 47,W4w-36,,United Kingdom,4eD-26
Fct-21,Robers Lucio,762 Kipling Junction,7th Floor,EL1-79,,United Kingdom,oJn-07
oEn-19,Kipper Vevers,9 Golf View Junction,5th Floor,JbR-10,,United Kingdom,0vI-43
K6T-81,Chico Pylkynyton,96916 Grayhawk Trail,Apt 999,43v-61,,United Kingdom,ADJ-05
6Xt-94,Dalenna Maven,588 Darwin Circle,Suite 76,1S9-59,,United Kingdom,6XP-01
WnH-03,Carly Dobkin,106 Hauk Circle,Apt 1154,JcR-03,,United Kingdom,DPZ-69
SKF-05,Gabrila Kearle,2 Kennedy Hill,Suite 75,s0x-93,,United Kingdom,xbu-05
MnA-15,Glynda Gayle,764 Lukken Avenue,Suite 86,Mhp-85,,United Kingdom,wVa-12
cfA-20,Estevan Brewett,069 Declaration Center,Room 782,Ny0-68,,United Kingdom,q6m-11
3tf-86,Sheba McHenry,98115 Moose Park,Suite 21,r9V-46,,United Kingdom,u3L-05
XQw-52,Englebert Gladding,0 Talisman Avenue,PO Box 26673,8XH-29,,United Kingdom,7EB-54
Xm2-61,Stephenie Candy,77339 Luster Road,Suite 54,UyK-06,,United Kingdom,cPk-79
gb5-46,Sonny MacPherson,628 Hintze Lane,Suite 92,jRL-08,,United Kingdom,Otz-81
Yo1-00,Henka Gaber,0880 Bartelt Crossing,PO Box 1622,gi0-07,,United Kingdom,sIR-43
bDn-34,Jere Neeve,316 Dexter Hill,Suite 41,IZQ-71,,United Kingdom,1ne-25
frI-79,Tonia Godbehere,2 Truax Road,Suite 36,rld-24,,United Kingdom,8ze-25
NEf-85,Andrej Prestland,1 Ridgeway Center,Suite 90,hhd-12,,United Kingdom,cTq-12
AFP-99,Lucio McGuiness,5211 Waubesa Terrace,Room 1268,bGm-49,,United Kingdom,f09-20
gEt-59,Rod Winyard,4900 Montana Way,5th Floor,yjb-74,,United Kingdom,VoU-72
Gah-35,Baxy Scarlan,040 Westridge Court,Room 455,vG2-12,,United Kingdom,l07-28
iJ8-05,Zena Roon,9 Main Avenue,PO Box 72611,Pgo-67,,United Kingdom,dZX-82
FQJ-41,Rhea Jordin,948 Pepper Wood Court,11th Floor,Roa-58,,United Kingdom,4QG-72
RxO-43,Riane Matches,31922 Forest Dale Hill,2nd Floor,Pro-33,,United Kingdom,Wqu-65
I5c-54,Walther Havvock,8 Lake View Junction,Suite 89,quA-51,,United Kingdom,oLm-01
zUV-98,Tully Sisnett,7125 Thierer Drive,Apt 1456,0Zh-05,,United Kingdom,dYI-72
OZy-02,Gideon O'Tierney,9443 Blaine Park,PO Box 18429,ZQS-94,,United Kingdom,lrl-65
OPH-12,Stacee Perkinson,8857 Fairfield Way,11th Floor,E6N-83,,United Kingdom,bJi-61
BDa-20,Jolie Reedie,9 Farmco Parkway,Suite 23,t0g-92,,United Kingdom,AVU-79
lc7-41,Vernen Smetoun,989 Sherman Center,Suite 65,gyi-49,,United Kingdom,LwM-58
XsN-03,Nada Rampley,46 Village Crossing,Room 196,N84-06,,United Kingdom,9lZ-49
9zA-89,Carolyne Royson,58 Kropf Junction,Suite 9,99E-58,,United Kingdom,buY-98
aiY-67,Birch Doak,80 Charing Cross Crossing,Suite 100,XNC-86,,United Kingdom,m3n-58
ViY-39,Dorian Niemetz,34965 Donald Place,12th Floor,KN2-59,,United Kingdom,yYO-14
Go2-44,Alfonso Mangham,78 Petterle Road,Room 1313,iDK-43,,United Kingdom,La8-17
LjL-44,Clementius Scaife,89 Stuart Road,Suite 39,Z3O-76,,United Kingdom,80f-99
YVL-26,Nolan Gerardet,6 Crowley Hill,13th Floor,7js-91,,United Kingdom,AM6-57
GyC-71,Trixi Poletto,39 Mayfield Center,Room 393,aUm-71,,United Kingdom,B6w-91
Cqs-62,Darb Drinkel,81 Armistice Road,7th Floor,v5X-74,,United Kingdom,JA2-01
SAw-95,Ewart Bemwell,03606 Little Fleur Junction,Suite 67,pDX-84,,United Kingdom,Taq-25
pdr-35,Darci Ritmeier,53119 Esch Circle,Room 215,UZa-39,,United Kingdom,eKK-80
MI2-80,Abby Litterick,65 Warbler Drive,Suite 24,oQV-57,,United Kingdom,tKh-24
x3D-89,Ximenes Firpo,17 Mendota Place,Room 1173,EwS-15,,United Kingdom,hon-50
eYk-38,Jude Sivess,0761 Northland Park,PO Box 17024,xWD-94,,United Kingdom,J8A-49
3oF-56,Orel Renison,06600 Milwaukee Parkway,14th Floor,D6Z-60,,United Kingdom,C5u-02
o1U-70,Mikael Stepto,22544 East Terrace,Apt 1846,AKx-55,,United Kingdom,m9a-73
YUc-71,Clem Vynoll,0 Messerschmidt Alley,Apt 1017,6K2-38,,United Kingdom,Hwo-18
LaL-05,Fredric McKeaveney,8344 Leroy Point,5th Floor,bcs-42,,United Kingdom,d1y-83
zbt-71,Darbee Dumbare,2 Northridge Crossing,Apt 1074,uuL-10,,United Kingdom,Lkp-69
paQ-04,Malachi Weerdenburg,3628 Pennsylvania Avenue,Suite 1,jzV-95,,United Kingdom,sro-37
khS-56,Leann Iorio,52 Karstens Terrace,PO Box 25437,yBj-61,,United Kingdom,Ais-22
xmU-67,Malynda McKain,18 Crownhardt Terrace,PO Box 45154,gfs-22,,United Kingdom,9MW-12
3PR-60,Taylor Kindell,9354 Jana Street,Room 304,pNr-54,,United Kingdom,3Dx-23
px0-02,Pepita Sherreard,124 Cascade Parkway,Room 794,M7A-19,,United Kingdom,rST-28
Lea-26,Ninette Gowman,58152 7th Place,PO Box 2496,ugz-13,,United Kingdom,uMD-55
IGr-95,Salome Jiracek,320 Springs Avenue,PO Box 78957,DQU-06,,United Kingdom,yQw-56
MKM-84,Becky Pasquale,2111 Eagan Hill,Apt 874,pAt-06,,United Kingdom,FKu-74
hq4-77,Grete Pitchford,6 Miller Circle,Room 612,d6j-04,,United Kingdom,NoL-15
Dva-11,Alanna Macer,15421 Kings Circle,PO Box 85696,IVK-14,,United Kingdom,wtQ-70
LLE-55,Bettye Hotton,79248 East Terrace,Room 162,Yvc-69,,United Kingdom,b65-14
BtM-90,Wang Piddock,6268 South Terrace,Suite 78,57e-80,,United Kingdom,tnM-45
Rsy-61,Vassili Goodswen,31 Lakewood Street,Apt 1209,jDZ-70,,United Kingdom,udQ-26
Hq5-75,Heinrick Daveley,98886 Veith Center,Room 696,j0i-35,,United Kingdom,m7r-32
wA5-13,Nettle Islep,010 Canary Circle,18th Floor,wRr-47,,United Kingdom,K5T-57
SvT-47,Desdemona Harrinson,51139 South Alley,Suite 94,8DH-27,,United Kingdom,WcT-73
S6j-67,Marget Macauley,42820 Quincy Point,Suite 92,H7o-77,,United Kingdom,fYn-24
PFO-53,Nahum Trendle,4930 4th Road,Apt 1226,g06-20,,United Kingdom,rZT-19
6i2-55,Alwyn MacDunleavy,7482 Express Center,13th Floor,fRX-27,,United Kingdom,Bhf-86
Kld-84,Henrietta Piers,53123 Gale Hill,PO Box 6408,U6Z-03,,United Kingdom,gHk-34
LIC-54,Lev Wynett,40896 Lunder Court,Room 1601,Pff-59,,United Kingdom,OL1-91
76G-96,Naoma Espinazo,0 Gerald Drive,5th Floor,XKZ-29,,United Kingdom,ArL-23
DWY-89,Katharyn Timmermann,9 Twin Pines Parkway,Apt 1855,8Vn-70,,United Kingdom,YtG-88
Kn3-97,Maiga Van Rembrandt,8 Grover Way,Room 1273,y0n-38,,United Kingdom,XNs-17
zdP-03,Maddie Ellyatt,9 Waubesa Center,Suite 9,RX7-66,,United Kingdom,Zn5-87
7KC-63,Griff Loody,86609 Sunbrook Alley,PO Box 27598,zds-44,,United Kingdom,s5l-18
AQ1-48,Devina Monck,86 Holy Cross Road,Suite 78,d79-23,,United Kingdom,iWb-86
Uhb-55,Gwenore Gosdin,1919 Park Meadow Parkway,Apt 28,u6f-22,,United Kingdom,qBR-11
Jo5-83,Rebekkah Hallaways,7396 Miller Junction,Room 1030,IkL-35,,United Kingdom,N3p-67
OFq-48,Maison Loughan,242 Clarendon Terrace,PO Box 37090,oan-41,,United Kingdom,P2M-19
RUO-92,Windham Markushkin,5 Hudson Road,Apt 1824,P0G-16,,United Kingdom,GM9-64
ybU-81,Lesli Zanioletti,008 Monterey Point,PO Box 89860,VRY-63,,United Kingdom,iY2-01
NPE-66,Gayelord MacCosto,454 Rigney Road,18th Floor,nmk-65,,United Kingdom,1d8-02
cwN-98,Rawley Trumpeter,43249 Toban Avenue,Room 96,C5w-47,,United Kingdom,gEg-82
LZI-33,Thaddeus Horburgh,84458 Schlimgen Terrace,Apt 706,am5-86,,United Kingdom,foX-45
NVD-83,Maurizio MacAllen,48 Independence Lane,Apt 1481,4xt-19,,United Kingdom,X41-76
wfo-60,Audie Pelman,60226 Namekagon Street,Apt 380,HGz-70,,United Kingdom,TCK-45
TJ2-01,Collin Goede,0 Banding Lane,Apt 398,vuz-13,,United Kingdom,Sje-42
ui7-86,Hilary Dimsdale,56 Dexter Court,15th Floor,DIj-66,,United Kingdom,Jik-21
K97-83,Berke Tofano,88 Badeau Pass,Suite 74,kQA-11,,United Kingdom,o6s-95
5j5-33,Regina Zukierman,0378 Bunting Terrace,Apt 976,oqM-26,,United Kingdom,ueq-78
xaT-18,Lilias Houson,95 Golden Leaf Pass,Suite 37,kOw-45,,United Kingdom,twO-73
c8h-21,Adolph Skittreal,95021 Drewry Terrace,Suite 24,0Z7-45,,United Kingdom,SDI-13
Vju-07,Marylee Tuvey,9277 Talisman Circle,Suite 92,1hF-15,,United Kingdom,kGc-98
Qdy-56,Ky Galliver,4306 Mcbride Trail,Apt 1741,CmF-17,,United Kingdom,X6P-68
rL1-59,Laurene O'Hengerty,538 Lakeland Hill,PO Box 69791,BMi-20,,United Kingdom,KrX-47
9Ok-11,Nester Segge,8 Warner Crossing,1st Floor,Py0-93,,United Kingdom,JWH-34
SJE-61,Danie Ticksall,402 Rigney Alley,PO Box 21550,jne-33,,United Kingdom,H2A-46
xom-69,Boyd Simkovitz,5 Mallory Point,Room 1923,HGg-43,,United Kingdom,hMS-31
Ghb-57,Bryna Fasler,67 Myrtle Hill,PO Box 76819,0YB-11,,United Kingdom,JT2-96
8kE-33,Berk Stringfellow,4 Hallows Terrace,Apt 1125,zLq-68,,United Kingdom,YBB-59
L4U-56,Winthrop Ceney,627 Darwin Court,Apt 1368,Sul-28,,United Kingdom,avP-04
qHE-47,Vassili Lambdon,09013 Bay Lane,Suite 97,9kY-95,,United Kingdom,tXX-97
Zs3-63,Cecilla Rodda,55130 Lerdahl Parkway,Suite 89,vyF-51,,United Kingdom,I1v-81
Op1-83,Harrison Jedrzejkiewicz,71 Northwestern Parkway,PO Box 8288,8jZ-79,,United Kingdom,4dK-41
pJ0-11,Beverlee Grishanin,3 Dwight Alley,Suite 41,s4c-03,,United Kingdom,370-27
rI3-12,Kass Pavluk,6602 Esch Terrace,Apt 629,oHK-02,,United Kingdom,JaM-36
Xth-87,Barby Alldre,99818 Hoard Pass,Room 363,hu7-04,,United Kingdom,oT2-92
hzy-49,Devin Marshman,22925 Hudson Trail,Apt 138,475-85,,United Kingdom,n6w-49
TKx-31,Shurlock January 1st,989 Eastwood Avenue,1st Floor,mwv-48,,United Kingdom,UkV-30
gMG-93,Aarika Adamik,28 Fisk Circle,Suite 92,P6l-67,,United Kingdom,BDB-58
cXA-13,Rolando Eyckelberg,279 South Crossing,12th Floor,Kn4-56,,United Kingdom,Q2K-68
KKE-79,Kile Cuschieri,217 Hoard Road,Apt 1760,5pB-12,,United Kingdom,raT-86
Pbb-55,Bryn Lared,885 Village Green Junction,PO Box 47751,t27-26,,United Kingdom,uZ2-77
WVP-30,Tony Carl,74213 Cardinal Court,Room 1298,wkw-82,,United Kingdom,MiE-22
EHe-27,Corinne Bucklan,0 Algoma Avenue,1st Floor,vNt-08,,United Kingdom,41X-59
Ijg-67,Maxy Topper,804 Corry Crossing,Suite 48,x7q-69,,United Kingdom,nQo-11
hyv-39,Banky Hamp,1 Sherman Center,Room 1577,Dkq-80,,United Kingdom,3qj-56
aE7-67,Otes Mixworthy,026 Eagle Crest Point,Room 1831,mt0-28,,United Kingdom,l4e-01
lIO-90,Cash Pocknoll,92868 Becker Court,Room 478,3eB-91,,United Kingdom,wkf-04
Osw-09,Gavan Clewarth,5 Corscot Alley,Suite 64,0rr-49,,United Kingdom,nC6-75
7CO-18,Lamont Kleinzweig,9181 Bayside Hill,Room 1069,ARZ-24,,United Kingdom,XF8-76
qya-22,Nealson Ellens,9341 Novick Crossing,Suite 87,d7Z-44,,United Kingdom,LAE-41
7Zv-16,Molli Enga,6900 Maple Wood Hill,3rd Floor,X0m-96,,United Kingdom,1Qx-19
5Bv-51,Sherrie Pavier,05 Bayside Place,Apt 571,ibj-46,,United Kingdom,fok-83
m4M-92,Jessamyn Grunder,6 Dawn Avenue,Suite 74,vWm-97,,United Kingdom,UDz-09
Wli-00,Hewet Obeney,47281 Algoma Point,PO Box 17314,Tnv-90,,United Kingdom,jM3-42
kkZ-00,Lainey Randales,0253 Sunfield Point,Suite 26,bXD-16,,United Kingdom,LB7-15
59k-28,Jaime Tremaine,83 Carioca Drive,Room 393,Acx-62,,United Kingdom,YUp-64
JLq-68,Thea Aires,65 Delaware Road,Room 1300,q6W-51,,United Kingdom,oVp-73
n4m-32,Drucy Hartwell,50 Basil Plaza,Apt 1583,wlz-20,,United Kingdom,vc9-85
ZqT-81,Kelly Ritmeier,1272 Eagan Circle,Apt 276,BCj-05,,United Kingdom,VEi-03
F1J-95,Pamella Ostridge,25334 Moland Court,20th Floor,4Sn-00,,United Kingdom,PuV-90
oNG-55,Fanchon Smy,96 Porter Center,Apt 971,3V2-02,,United Kingdom,lCP-92
tBI-44,Vidovik Simchenko,621 Canary Junction,PO Box 12703,GD1-65,,United Kingdom,2hc-71
wdH-52,Clemmy Lamburne,8 Manufacturers Circle,PO Box 39756,6nT-76,,United Kingdom,0hj-94
cQS-30,Alair McLurg,3774 Center Avenue,Suite 43,c8N-85,,United Kingdom,qOm-39
cu1-48,Bryan Knight,92 Moland Trail,Apt 1936,F4E-01,,United Kingdom,Zwi-10
RMH-94,Margy Trelease,0 Crest Line Road,Room 310,Pd6-12,,United Kingdom,hRk-87
5oE-97,Willyt Fley,05785 Kensington Street,Suite 23,1yO-18,,United Kingdom,2I1-05
cdX-63,Isacco Gannan,2791 Algoma Circle,PO Box 78146,qT5-17,,United Kingdom,OUk-80
KZX-75,Josi Cardnell,46 Granby Way,Room 784,4vz-97,,United Kingdom,i81-16
c6a-05,Jess Sighard,78 8th Parkway,Apt 113,q4a-36,,United Kingdom,V9L-62
GHI-11,Bendix Calan,62 Troy Pass,Room 1814,mVd-47,,United Kingdom,bmI-04
e7h-61,Marysa Birts,14 Clove Crossing,Apt 769,Rpg-53,,United Kingdom,Fmv-50
FPj-19,Matthieu Pacheco,42 Erie Center,Room 110,FFn-13,,United Kingdom,kYy-14
HvJ-91,Debra Tofanini,634 Basil Terrace,18th Floor,J3e-04,,United Kingdom,LRR-66
A1p-18,Chryste Talkington,84366 Grayhawk Center,PO Box 67085,6Xm-77,,United Kingdom,kxE-43
kGJ-99,Robinet Gresswood,83 Portage Circle,Suite 40,7Bm-83,,United Kingdom,nJt-32
8vC-01,Alicia Gosnold,95817 Lakeland Trail,Room 1983,PpO-52,,United Kingdom,fCw-55
yxL-74,Madison Morrallee,71202 Ridge Oak Hill,PO Box 55832,z9t-59,,United Kingdom,68J-09
tZU-98,Garv Ranklin,08 Ludington Hill,Suite 100,vec-24,,United Kingdom,sLu-10
67G-75,Cilka MacGinney,02 Harbort Pass,PO Box 79860,c4w-09,,United Kingdom,6Vo-20
yM3-01,Tobiah Treamayne,8553 John Wall Alley,Apt 1272,hDM-92,,United Kingdom,SOx-08
WTm-82,Merrilee Waplington,456 Continental Court,Room 1107,97Z-95,,United Kingdom,tUl-17
qQm-57,Tabbi O'Loughnan,38 Kipling Road,Room 748,3Q8-51,,United Kingdom,ril-96
myh-35,Sherye Piddocke,8 Autumn Leaf Park,Room 1574,tXG-36,,United Kingdom,9Dj-84
AdU-05,Nalani Maggorini,4 3rd Crossing,Room 158,QXf-64,,United Kingdom,GT9-83
Fwz-71,Celesta Whitwood,3 Oakridge Lane,Room 1613,eHu-81,,United Kingdom,VoR-45
z0G-40,Thomasin Streader,9 Schlimgen Plaza,Apt 677,GoC-30,,United Kingdom,WIq-37
Yre-91,Tiler Shetliff,106 2nd Place,Room 1487,SUA-83,,United Kingdom,yxC-73
L2I-09,Leona Dysart,6969 La Follette Park,Suite 63,Qid-96,,United Kingdom,1wq-00
75x-72,Nana Puve,95556 Crowley Pass,Suite 83,04k-77,,United Kingdom,fEB-16
M0C-39,Sven Shieber,7925 Reinke Hill,10th Floor,kwj-42,,United Kingdom,A7w-14
alm-21,Brien D' Angelo,07 Milwaukee Court,11th Floor,dcu-62,,United Kingdom,X7f-56
rGM-83,Kay Bergen,6 Northport Avenue,12th Floor,KUi-11,,United Kingdom,Nxz-19
Wux-11,Ronica Munnion,87786 Hallows Parkway,16th Floor,0lv-84,,United Kingdom,FdU-66
xww-63,Allina Muzzi,99304 2nd Pass,5th Floor,j9X-06,,United Kingdom,mwu-00
MVD-89,Letty Smartman,4 Sullivan Drive,Apt 1723,IoX-41,,United Kingdom,l0N-34
2bM-53,Beverlee Alvarado,54 Cherokee Circle,Suite 97,ZaZ-42,,United Kingdom,Zmz-35
OyA-40,Reeva Oxe,054 Spohn Trail,PO Box 63539,nux-84,,United Kingdom,H3I-43
Ib5-07,Clemmy Bullant,60 Portage Pass,Room 1828,UbO-69,,United Kingdom,Ix9-83
InC-51,Mariellen Couser,80946 Barnett Place,Apt 1807,G9h-26,,United Kingdom,ubq-89
8y3-82,Zolly Nunns,7798 Menomonie Street,Suite 2,GXE-89,,United Kingdom,fdA-69
k2N-72,Anthia Fendt,05930 4th Terrace,Suite 79,veO-99,,United Kingdom,TiZ-45
Sls-41,Brice Slisby,263 Hansons Center,Room 1727,z9a-22,,United Kingdom,EU3-23
bEx-22,Ursulina Trembey,1 Pepper Wood Center,PO Box 13473,MSS-10,,United Kingdom,vfj-87
GiT-22,Erasmus Zorzin,5307 Village Green Alley,Room 1442,pgC-23,,United Kingdom,emk-93
vB0-40,Kimberley Schroder,389 Moulton Crossing,Room 437,qC4-53,,United Kingdom,lW3-95
fLq-92,Devon Rapin,652 Southridge Alley,Suite 36,TAn-68,,United Kingdom,QSn-09
VSz-28,Parnell Cluer,75037 Corry Junction,Apt 1434,gL4-30,,United Kingdom,HKm-25
U9q-47,Stesha O'Driscole,9136 Roxbury Point,Apt 572,gVN-04,,United Kingdom,sQL-64
U4k-99,Sadella McArdle,50370 Mcguire Junction,Room 1070,sYW-65,,United Kingdom,uWt-29
CJO-78,Inga Ghidini,8 Hudson Trail,Apt 1372,cJi-45,,United Kingdom,Pdd-86
H93-52,Yuri Hedon,54 Mifflin Point,6th Floor,k5r-58,,United Kingdom,pSS-18
ag9-62,Blayne Inkle,037 Vahlen Avenue,Room 575,2bU-47,,United Kingdom,LbV-11
wF5-49,Zollie Shevels,43 Thompson Court,19th Floor,jgX-94,,United Kingdom,2rs-52
aDA-15,Lorens Winchurst,7819 Dennis Plaza,Apt 1345,qe6-59,,United Kingdom,F1A-52
Whw-81,Llewellyn Kidsley,3770 Ridgeview Junction,Room 1859,tyE-39,,United Kingdom,2kr-09
FMa-62,Amandi Revey,1885 Gerald Pass,PO Box 13689,pnZ-92,,United Kingdom,Fah-08
cf9-14,Kimbell Boyington,3 Almo Trail,Suite 95,K3H-97,,United Kingdom,XO8-88
vD4-09,Quent Trundle,53011 Dorton Hill,Suite 71,MHi-43,,United Kingdom,V6O-08
2G1-77,Glen Hillatt,77027 Dwight Way,Room 953,OqY-77,,United Kingdom,Kns-53
jUJ-12,Eve Shorter,86818 Bartillon Drive,4th Floor,38b-44,,United Kingdom,986-33
j7F-35,Evelina Comberbeach,8394 Union Trail,3rd Floor,E7G-73,,United Kingdom,1jZ-13
r8C-22,Elliott Wraight,2 School Street,Room 1476,9gJ-67,,United Kingdom,HTt-22
7eh-08,Adan Bane,369 Fairfield Park,Room 289,idT-49,,United Kingdom,pXc-32
Ot2-13,Karole Mitchard,539 American Ash Court,PO Box 24973,tkL-85,,United Kingdom,CAe-86
Ucl-46,Oliy Akenhead,562 Gale Point,Apt 1135,DUW-60,,United Kingdom,Y9p-55
yno-28,Petrina Edsell,63123 Banding Road,Apt 148,HZO-53,,United Kingdom,e5A-61
pm0-86,Erny Hurford,9528 Westerfield Park,Room 133,Lwc-39,,United Kingdom,8tL-33
Ov7-17,Sander Sloss,0 Kinsman Center,PO Box 4055,SOO-05,,United Kingdom,ZfR-95
39Z-45,Karlen Tamblyn,86 Hoffman Parkway,7th Floor,LIi-43,,United Kingdom,y65-94
OF2-35,Batsheva How,8677 Chinook Road,14th Floor,kdR-60,,United Kingdom,yDf-99
ie8-99,Dyan Ellul,91033 Prairie Rose Park,PO Box 9232,4ZE-29,,United Kingdom,6m9-93
OWK-64,Myrtice Denson,9013 Miller Road,Room 1661,hBC-53,,United Kingdom,bDj-25
fZ3-62,Morton Cobby,80795 Northridge Parkway,Suite 4,8uv-00,,United Kingdom,pz5-95
y7L-84,Lucila Markova,73228 Ludington Trail,Apt 1441,RkF-42,,United Kingdom,aW7-75
3XM-65,Claretta Hidderley,674 Porter Circle,Room 1392,nG4-56,,United Kingdom,RrQ-34
EQX-12,Trixie Ablott,6 Dawn Parkway,Apt 1157,8ej-86,,United Kingdom,rNE-35
Ex1-54,Elsbeth Verrills,2409 Alpine Circle,Apt 1564,ne2-39,,United Kingdom,2Qi-21
yT2-08,Livia Hawtin,7 Eliot Plaza,10th Floor,IGj-23,,United Kingdom,pZ5-69
rFL-00,Aprilette Fowls,7 Fuller Plaza,Apt 1419,k6v-50,,United Kingdom,Y1Y-92
1nh-06,Domenico Ridgwell,4543 Kings Avenue,Apt 1409,wlM-59,,United Kingdom,s0e-36
WNj-05,Aimee Humphery,3008 Loomis Alley,Room 970,oNM-68,,United Kingdom,wvb-31
ZDN-85,Lyndy Fassmann,74240 Commercial Street,Suite 91,cUN-76,,United Kingdom,xFi-45
PCZ-69,Brion Issacson,3162 Del Mar Place,Room 788,98B-97,,United Kingdom,5SZ-21
V9A-77,Doroteya Dayer,92730 Aberg Road,PO Box 78906,rQz-40,,United Kingdom,MT9-81
5fF-00,Chevy Gribbell,318 Birchwood Street,Suite 4,0JK-75,,United Kingdom,4pt-15
Xws-14,Lionello Claughton,55221 Helena Alley,Room 1959,K3Q-26,,United Kingdom,lq7-65
s7t-74,Morten Nayer,57 Rigney Lane,Room 612,OGG-56,,United Kingdom,qiV-50
vsd-47,Lonny Bennitt,967 Iowa Trail,14th Floor,fDu-59,,United Kingdom,I5G-96
rDQ-17,Ellerey Alyutin,8604 Logan Parkway,Suite 68,zhk-37,,United Kingdom,QWz-31
3Iv-15,Jayme McChesney,35 Stuart Street,Suite 41,IwK-30,,United Kingdom,rDK-01
3mW-82,Miguel Rummins,19994 Larry Circle,Suite 22,hyv-34,,United Kingdom,gTI-24
N0G-86,Loretta Domino,2 Dorton Place,Room 62,EMi-67,,United Kingdom,a8L-87
thv-29,Elsworth Rowswell,08444 Maple Wood Park,Room 1799,41M-37,,United Kingdom,st1-51
sM4-42,Libbi Peron,19051 Barby Place,Room 341,02G-44,,United Kingdom,ifV-52
riT-70,Anabel Dorwood,3 Nelson Hill,Suite 20,6zr-63,,United Kingdom,rbB-47
AsM-64,Maryann Aldus,92 Towne Drive,Suite 98,FBm-71,,United Kingdom,Hze-10
4GW-27,Wallas King,00945 Troy Road,PO Box 52552,wJR-59,,United Kingdom,hcz-06
Xoz-76,Constancia Lant,09 Buhler Street,Suite 66,o9V-30,,United Kingdom,QO8-15
Kjq-56,Charlotta Ackery,526 Myrtle Terrace,Suite 31,886-14,,United Kingdom,oGK-22
spU-15,Land Gradon,4 Lerdahl Terrace,PO Box 60731,Y3K-05,,United Kingdom,xJo-24
8Lh-62,Chickie Abrahamsen,66 Lien Alley,Room 351,Qgy-86,,United Kingdom,W4O-16
bb8-69,Rogerio McGuiness,83258 Anderson Street,Suite 36,nVh-78,,United Kingdom,SbX-67
EJX-02,Ema De Lorenzo,5 Katie Plaza,10th Floor,0p6-47,,United Kingdom,tQ2-43
c7q-13,Margalit Duquesnay,44 Golf View Junction,Apt 131,q8x-64,,United Kingdom,70G-93
kT7-60,Addie Stickley,804 Iowa Center,PO Box 8758,Xoy-76,,United Kingdom,EZr-81
xZj-47,Jordan Penreth,668 Calypso Hill,Room 1777,aY3-73,,United Kingdom,qxS-83
03i-17,Merla Donoghue,84816 Reindahl Parkway,PO Box 57278,Mlb-77,,United Kingdom,dmW-71
CrP-37,Linn Spybey,8355 Lien Way,9th Floor,Boo-57,,United Kingdom,9PK-55
gDh-32,Madeline Judkin,0 8th Avenue,PO Box 50968,pTG-19,,United Kingdom,GAo-40
3N4-71,Verene Gait,15 Lindbergh Point,Suite 81,9F1-80,,United Kingdom,wvs-25
oTP-41,Blanch Shinton,05003 Park Meadow Center,PO Box 17311,hPq-56,,United Kingdom,I4z-15
CGq-65,Lynnet Tuckwell,7010 Merrick Hill,2nd Floor,SG7-75,,United Kingdom,XU2-52
xdK-64,Gabbie Wytchard,09566 Pearson Lane,Room 37,l2Z-35,,United Kingdom,QHQ-48
ng0-93,Nolan Galbreath,564 Gateway Street,14th Floor,ABL-37,,United Kingdom,lT0-24
4sj-36,Julian Laurant,13 Arrowood Crossing,Room 1481,B0o-41,,United Kingdom,pI6-80
ej2-03,Sal Arendt,8 Havey Crossing,Room 1257,FdS-20,,United Kingdom,rzh-91
WXd-04,Monique Batson,0 Shopko Court,PO Box 29679,CmL-03,,United Kingdom,y0P-70
23G-92,Isaac Starrs,95 Acker Parkway,PO Box 2021,XHR-13,,United Kingdom,dFF-50
7VY-67,Hurlee Crosskill,273 Menomonie Road,Room 650,VFP-13,,United Kingdom,KGv-52
8uD-90,Nico Drewitt,17942 Bellgrove Pass,PO Box 64205,DpB-75,,United Kingdom,nBh-70
MMz-73,Sergeant Arno,153 Pearson Alley,Apt 109,Kgu-20,,United Kingdom,ENj-58
UpU-12,Roderich Spear,2 Kipling Pass,PO Box 30101,1JG-86,,United Kingdom,20G-09
WK5-75,Garwin Crowdson,872 Miller Parkway,PO Box 26702,tve-42,,United Kingdom,WVq-22
dXy-23,Stacee Allchin,8 Stone Corner Pass,Room 396,O8Z-44,,United Kingdom,1Cu-36
dl9-49,Dwight Ianinotti,91 Hallows Terrace,Suite 27,BHA-96,,United Kingdom,GVo-89
PQs-58,Beale Scanterbury,05 Grim Junction,Room 1223,xgp-66,,United Kingdom,CCu-16
A8c-31,Richy Vigus,9078 Summerview Park,Apt 135,lCC-16,,United Kingdom,oOc-85
2Vh-40,Lolita Jankovsky,1349 Nevada Drive,Room 1214,9oU-23,,United Kingdom,lTI-15
IO2-81,Jeff Harflete,0985 Mockingbird Road,PO Box 36086,Jqp-92,,United Kingdom,QTm-20
VN6-11,Astrix Shoebrook,40286 Manley Center,PO Box 9688,yJG-51,,United Kingdom,h4N-68
QCX-69,Grata Boswood,94158 Transport Junction,12th Floor,52P-68,,United Kingdom,7cb-24
YXW-05,Kiah Keepe,31698 Boyd Drive,Apt 1924,Qj4-47,,United Kingdom,Ypo-18
uol-71,Tracie Bilofsky,8 Iowa Terrace,6th Floor,eAa-94,,United Kingdom,me8-44
N1V-63,Juieta Matt,2 Stoughton Place,Suite 75,oGk-37,,United Kingdom,HPX-06
evF-47,Brande Radborn,4568 Hermina Plaza,11th Floor,Nsu-71,,United Kingdom,zT1-60
m7f-84,Tilly Wernher,27 Doe Crossing Court,Apt 588,df1-06,,United Kingdom,Ksd-40
yC3-32,Karisa Ricardon,74004 Dawn Parkway,Apt 1452,YQv-31,,United Kingdom,ZH1-89
8fz-30,Orelia Lanchbery,5971 American Terrace,PO Box 9718,syM-68,,United Kingdom,uw3-63
fMr-11,Chandal Grzegorzewicz,32 Fallview Avenue,Suite 57,c7p-84,,United Kingdom,iro-73
R67-26,Al Mereweather,044 Valley Edge Junction,Room 1753,WxA-87,,United Kingdom,vkx-95
drv-81,Clint Izkovicz,1 Corscot Center,Apt 258,fkX-37,,United Kingdom,EKd-83
kKF-23,Carey Tyne,30112 Bultman Street,PO Box 95750,l1q-38,,United Kingdom,WVg-38
HLS-31,Shanta Coverlyn,3929 Kennedy Crossing,PO Box 38294,eTX-37,,United Kingdom,PHy-65
Og8-32,Yvette Hail,19055 Spaight Crossing,PO Box 57833,iAS-15,,United Kingdom,0ak-62
rtn-11,Kain Cantillon,48621 Talisman Point,Apt 451,eBz-82,,United Kingdom,sQd-01
9iE-65,Koenraad Vernall,3 Blackbird Terrace,Apt 1301,1TW-66,,United Kingdom,161-57
qQT-21,Dyann Garriock,4 Doe Crossing Avenue,Suite 68,piB-88,,United Kingdom,BEj-12
qN5-00,Suzanna Haddrell,065 Beilfuss Court,PO Box 32279,4G7-71,,United Kingdom,gMo-29
zfW-89,Addie Martina,98 Jenna Center,7th Floor,Wzs-60,,United Kingdom,LLG-29
TDx-43,Aurel Odlin,419 Crownhardt Terrace,Apt 244,BXe-59,,United Kingdom,rLT-14
klq-54,Marla Brody,87103 Carberry Point,PO Box 64702,1ze-65,,United Kingdom,pkz-83
vdK-21,Wye Linklater,627 Eagle Crest Road,Room 294,6TL-72,,United Kingdom,1Er-37
0Gm-84,Faun Durtnell,473 Blaine Road,PO Box 83414,Hlt-11,,United Kingdom,JYe-30
Xuk-85,Hamlen Glew,846 Rowland Alley,Apt 1885,lGT-74,,United Kingdom,iE9-80
4pX-89,Ingmar Thurby,55041 Katie Alley,Room 199,FcB-49,,United Kingdom,reF-56
DT1-68,Devonna Aiken,82 Michigan Drive,PO Box 6097,1fH-44,,United Kingdom,7vP-66
AkU-83,Ardys Ketchen,87046 Mitchell Plaza,Apt 501,D6T-41,,United Kingdom,JQr-77
kEe-45,Sabina Hobbema,62 Troy Center,13th Floor,jNF-64,,United Kingdom,4l4-06
Tuv-46,Maddie Lunn,3 Meadow Valley Drive,4th Floor,rnh-47,,United Kingdom,pTq-22
UeY-48,Valdemar Helis,34 Prairieview Drive,PO Box 34935,70c-94,,United Kingdom,xUF-98
Ylw-18,Rock Suttle,302 Karstens Pass,Room 502,HaK-59,,United Kingdom,oWg-31
KG0-93,Mufi Bocking,135 Alpine Road,PO Box 49184,TI1-27,,United Kingdom,sAY-18
Tta-61,Stavros Petrelli,4 Hanover Park,12th Floor,8s4-54,,United Kingdom,Ulu-48
dqn-25,Arnie Burnhill,567 Chive Terrace,PO Box 29072,8rQ-17,,United Kingdom,6cz-73
iay-30,Brett Quinell,69 Hallows Pass,Suite 72,xIg-62,,United Kingdom,gXu-62
G2u-34,Truda Bondesen,4 Anzinger Drive,Room 150,rZU-61,,United Kingdom,kbp-97
h79-21,Marty Ferrini,8 Mesta Way,18th Floor,kPx-61,,United Kingdom,QsT-10
T71-79,Austin Stanier,66056 Bay Crossing,PO Box 40987,HHU-56,,United Kingdom,N7H-65
nss-30,Annadiana Seale,2 Delaware Circle,Room 570,w5T-35,,United Kingdom,NNf-10
Ebw-17,Teador Haw,3778 Manufacturers Place,Room 1959,n2b-79,,United Kingdom,tzb-05
3BJ-05,Trev Critoph,359 Stang Park,Room 594,GrD-66,,United Kingdom,f9t-19
rNc-69,Petronilla Quennell,77 Transport Street,PO Box 64337,ZuG-44,,United Kingdom,jlC-95
EUo-06,Mellicent Hayward,55470 American Pass,Room 1921,8ry-87,,United Kingdom,tap-49
LVR-12,Davide Scading,8 Jackson Circle,7th Floor,NCJ-69,,United Kingdom,Fd5-72
S3d-45,Kimberly Carmen,54 Arizona Lane,Suite 6,LDr-21,,United Kingdom,Bth-24
OzS-98,Even Lovelady,71496 Heath Crossing,Apt 229,LvJ-56,,United Kingdom,IN4-10
Zul-30,Brena Delacroux,1056 La Follette Junction,8th Floor,Hnv-03,,United Kingdom,c8V-91
DVq-01,Cleon Pentercost,41 Continental Park,Apt 1167,CC6-68,,United Kingdom,KOp-10
kAx-37,Sharon Giorgi,22 Trailsway Road,Apt 1185,yaY-60,,United Kingdom,4gN-84
0og-95,Marin Zapatero,94 Tomscot Way,Suite 65,j11-00,,United Kingdom,iwp-29
aPM-30,Vallie Lutman,8 Truax Court,PO Box 9582,xJL-35,,United Kingdom,Y46-07
3Ev-05,Derron Canet,09 Dryden Terrace,Suite 47,InU-09,,United Kingdom,8AM-17
pC3-69,Simona Grumble,075 Muir Circle,16th Floor,VpG-51,,United Kingdom,NVG-38
DoQ-28,Eldon Foan,4 Jana Pass,PO Box 21923,xfg-49,,United Kingdom,p2M-32
515-26,Annaliese Appleford,01 Lakewood Gardens Trail,Apt 671,6at-54,,United Kingdom,vRZ-70
3Tx-59,Rica O'Hoey,811 Dexter Way,Apt 945,1lc-26,,United Kingdom,5nY-62
x8E-51,Janeta Jost,92928 Crescent Oaks Park,PO Box 97215,PKW-46,,United Kingdom,asW-41
McQ-65,Shandee Verrico,25 Corry Park,Suite 97,uZL-84,,United Kingdom,LQn-94
DN8-76,Miquela Grantham,76256 Rieder Plaza,Room 83,MdJ-53,,United Kingdom,PwJ-80
6K6-87,Suzi Sexten,5219 Barnett Park,Room 131,rHz-35,,United Kingdom,V4I-33
u8c-12,Dinny Beddard,4 Springs Alley,Suite 23,Zpe-63,,United Kingdom,1S6-08
CBi-87,Josselyn Wadley,85301 Rowland Hill,Room 1882,oHI-13,,United Kingdom,Rsk-66
rqY-80,Jodee Hammett,28826 Troy Place,Apt 122,EQo-21,,United Kingdom,Zzj-15
Mqg-48,Alvin Lerwill,5 Reindahl Terrace,Suite 69,l6A-38,,United Kingdom,Vsg-83
SHn-08,Irvin Comiskey,86 Victoria Circle,11th Floor,6bX-96,,United Kingdom,5PK-53
tL2-51,Denyse Lawlor,287 Calypso Trail,16th Floor,Kip-06,,United Kingdom,z9e-61
ubI-29,Basilio Mithon,72547 Dahle Plaza,Room 1222,jvs-86,,United Kingdom,xkO-49
rBl-93,Anya Mathelin,639 Vahlen Place,Suite 83,2j5-75,,United Kingdom,5Z3-54
sK7-92,Eadith Golds,78 Lillian Place,PO Box 72020,G3j-66,,United Kingdom,Mhn-10
quA-71,Leontyne Lassey,9987 Bonner Terrace,Apt 1570,Zjb-58,,United Kingdom,tRk-45
pZg-36,Denney Ivashinnikov,2166 Becker Trail,PO Box 5025,RAk-43,,United Kingdom,jKT-37
PcJ-34,Adelle Gilgryst,7 Arkansas Terrace,PO Box 46387,Qqm-35,,United Kingdom,Y82-99
QZy-39,Krysta Etteridge,471 Miller Circle,18th Floor,ORB-84,,United Kingdom,s4B-36
wOL-06,Ruthann Rutledge,62 Bobwhite Terrace,Apt 1247,4ZY-56,,United Kingdom,Xso-20
Yt9-41,Warner Gidman,2094 Talmadge Avenue,Apt 1892,nUo-81,,United Kingdom,QmO-11
s8r-39,Eduard Hay,9904 Lyons Lane,6th Floor,O3w-70,,United Kingdom,wpF-67
YDa-38,Elmo Linney,3793 Hansons Park,10th Floor,LfQ-98,,United Kingdom,17P-90
aVa-62,Gilly Stiff,0 Goodland Lane,Room 1489,3W6-78,,United Kingdom,5Ri-77
g9n-27,Kincaid Lowes,1907 Glendale Point,PO Box 31998,R7c-00,,United Kingdom,4vp-79
lQ5-82,Aubrey Damant,87304 Corscot Road,Suite 47,PDM-80,,United Kingdom,Z6C-39
YhA-80,Frannie Quiddinton,68255 Red Cloud Pass,PO Box 39309,sol-60,,United Kingdom,sDT-62
xMt-17,Blondy Ruperti,130 Rowland Crossing,Apt 1189,ovl-50,,United Kingdom,eEy-01
m9T-45,Sutton Fontanet,96562 Warbler Crossing,Apt 1960,Ckj-69,,United Kingdom,EvA-38
fFX-28,Darcey Joyes,1 International Road,Suite 54,tMA-93,,United Kingdom,D44-12
On3-12,Chris Legier,1916 Village Green Junction,12th Floor,0UE-21,,United Kingdom,raw-64
DJn-14,Dolly Llorens,60486 Kipling Alley,Room 1574,oiQ-97,,United Kingdom,bFZ-49
e5c-48,Andriana Hupe,13426 Superior Park,Suite 100,G26-89,,United Kingdom,zuR-54
XCH-58,Heinrik Garry,38 Cody Pass,16th Floor,f8r-76,,United Kingdom,OdL-24
4ig-36,Leanna Pryke,3975 Shelley Pass,4th Floor,3Oc-21,,United Kingdom,7oC-87
Dq2-56,Clement Hearnaman,0 Jenna Way,15th Floor,nla-34,,United Kingdom,Gun-28
sNQ-75,Leonora Hatherill,3 Kipling Lane,Room 1798,Ev0-77,,United Kingdom,nik-73
ZEM-15,Eamon Durban,17 Gulseth Avenue,Room 1268,jSN-27,,United Kingdom,uvb-37
c6g-28,Cinda Shrimpling,242 Kenwood Place,Suite 70,Iz5-91,,United Kingdom,mP7-79
bdF-17,Brianne Whyberd,502 Gina Terrace,Room 1291,Ss4-06,,United Kingdom,Kmt-69
mnu-04,Annmarie Stears,38 Sugar Drive,Apt 294,kHg-32,,United Kingdom,rNw-56
HPw-96,Steffen Tweed,5567 Center Drive,8th Floor,UQa-44,,United Kingdom,ou7-51
mlP-36,Jamaal Foddy,306 Annamark Trail,Apt 830,8Ph-69,,United Kingdom,w2c-14
XGZ-37,Mellisa Belz,91 Thackeray Hill,Apt 234,rX4-01,,United Kingdom,nUr-85
Gel-49,Luce Giddy,5604 Sachs Drive,Suite 78,08b-16,,United Kingdom,rmO-29
h9h-95,Perice Acors,20 Lake View Street,Suite 31,11G-45,,United Kingdom,wHk-62
3Qy-92,Gamaliel Blondel,8101 Forest Dale Street,Room 729,1Qp-38,,United Kingdom,Ap8-69
GFf-65,Kaine Tindley,5812 Melby Drive,12th Floor,Jjq-84,,United Kingdom,CSY-53
Tob-81,Annabelle Mosdill,11366 Randy Hill,20th Floor,kaR-49,,United Kingdom,sAF-73
Jqs-63,Whitman Corkitt,180 Hanover Avenue,Suite 11,KNh-88,,United Kingdom,6hx-48
lw3-97,Genna Archbald,2468 Schiller Alley,PO Box 26990,l6z-01,,United Kingdom,Cvq-57
iOy-63,Fidelia Di Angelo,53 Dawn Circle,Room 1227,ar8-94,,United Kingdom,E9i-19
tGQ-66,Edward Johncey,18256 Melvin Park,Room 783,961-57,,United Kingdom,PAN-49
Wc5-33,Lucy Longhi,128 Barnett Alley,Suite 35,hYh-17,,United Kingdom,hUK-46
1Q4-41,Jamima Busse,2605 Scott Alley,PO Box 81399,CK1-24,,United Kingdom,Lk0-31
fHG-65,Neal Foli,0372 Schmedeman Street,Room 131,oZC-84,,United Kingdom,2qC-49
dgu-56,Whit Joannic,3 Parkside Place,Apt 1261,0n9-40,,United Kingdom,iDL-24
4tg-55,Dominique Grisard,6222 Old Gate Circle,PO Box 11743,eIw-55,,United Kingdom,J9e-33
v6y-71,Fraser Rubinowicz,905 Chive Junction,Apt 1022,HWT-49,,United Kingdom,iaB-16
u4T-44,Tucky Shier,163 Homewood Trail,Suite 11,Vve-67,,United Kingdom,8na-70
nFE-63,Brody Matveichev,628 Ryan Crossing,PO Box 11456,NEY-42,,United Kingdom,Mel-00
BzE-90,Davon Gotcliffe,31651 Division Junction,Apt 1330,C5c-48,,United Kingdom,nMl-49
qcI-18,Niels Manis,46 Chive Place,8th Floor,0Pw-22,,United Kingdom,WYo-34
WMN-44,Brier Matschke,62470 Grayhawk Terrace,PO Box 71293,AWH-45,,United Kingdom,y5Y-60
aqE-18,Filide Bansal,533 Sauthoff Drive,Suite 28,6U0-05,,United Kingdom,PFC-92
YKt-71,Chickie Sliney,14524 Shopko Lane,Suite 69,S0e-40,,United Kingdom,HUj-45
oys-78,Ulrica Fredy,41 Manitowish Center,PO Box 71937,rQJ-53,,United Kingdom,561-66
U4u-37,Jozef McTavish,7645 Novick Pass,PO Box 84059,7XO-34,,United Kingdom,ord-87
k2y-76,Hashim Fowkes,95114 Eliot Parkway,Suite 55,Luh-80,,United Kingdom,owT-18
D3C-93,Bridget Donohoe,13 Jana Crossing,17th Floor,Xto-76,,United Kingdom,liP-24
tWN-98,Cecil Shilladay,047 Oxford Hill,Suite 94,XqT-07,,United Kingdom,PVq-60
Nsg-80,Lalo Ewbach,3946 Tennessee Avenue,15th Floor,f9E-41,,United Kingdom,Xh2-98
ReD-07,Gottfried Cotterill,7342 Monument Junction,PO Box 17100,r2g-33,,United Kingdom,H78-31
OkK-89,Violetta Provost,7 Vermont Court,PO Box 83151,1dg-13,,United Kingdom,KzT-40
Mid-04,Blythe Speariett,078 Vernon Terrace,PO Box 43073,SPp-88,,United Kingdom,623-63
VCd-37,Hedwiga Daish,34 Katie Hill,Suite 90,Dao-83,,United Kingdom,PgT-80
WY3-63,Tine McKenney,141 Golden Leaf Way,11th Floor,z9n-50,,United Kingdom,oUi-96
TrH-51,Tally Petrecz,9 Stone Corner Hill,Suite 42,mjq-16,,United Kingdom,4zB-83
PR8-78,Nancy Saunper,91 Mesta Park,Apt 1670,7Gx-32,,United Kingdom,JLN-03
Syl-12,Leandra Snowsill,418 Larry Center,Room 1229,wgr-55,,United Kingdom,Q2W-37
fMa-12,Pepita Hargreave,533 Hooker Drive,Room 411,6Qm-69,,United Kingdom,OzW-22
jAm-90,Adele Breinlein,030 Marcy Park,PO Box 24178,Tj0-80,,United Kingdom,R3W-69
ykb-99,Pauletta Dorber,36 Paget Way,Room 965,gO4-52,,United Kingdom,Fmo-69
92d-92,Avis Lamborne,54 Parkside Drive,PO Box 11925,Z0c-62,,United Kingdom,7iF-50
Dsg-28,Amitie Wakenshaw,011 Lighthouse Bay Plaza,Room 860,qNq-42,,United Kingdom,dOp-52
pTA-40,Tessi Tapton,801 Melvin Avenue,Apt 1204,rEN-22,,United Kingdom,Di3-25
utd-00,Mayor Labbez,8 Michigan Terrace,Apt 855,zRw-09,,United Kingdom,K9h-28
ikV-79,Rhodie Peever,6697 Longview Plaza,Apt 1174,CXD-05,,United Kingdom,xfW-68
qkB-27,Libby Learmont,6 Northridge Court,Apt 268,8c6-13,,United Kingdom,SzY-78
lnd-90,Marlo Pitman,4225 Montana Pass,PO Box 62795,XF2-62,,United Kingdom,uXz-68
jTs-70,Evita Shavel,1973 Prairie Rose Center,Room 1108,ZaK-88,,United Kingdom,H6J-45
S8H-42,Willi Pitkaithly,709 Moland Crossing,Room 802,gFn-17,,United Kingdom,igG-77
2EJ-17,Doretta Morin,1841 Green Parkway,12th Floor,9gk-54,,United Kingdom,d6T-73
VTc-94,Case Wycliffe,754 Sugar Lane,Suite 19,IJZ-39,,United Kingdom,UHM-19
8ud-52,Goober Washbrook,8 Transport Parkway,PO Box 65008,2ud-88,,United Kingdom,c4W-75
nEG-11,Jamey Huckett,4 Lakewood Gardens Center,Apt 1940,nYk-01,,United Kingdom,R6E-53
8Ox-17,Chuck Beckett,9 Kensington Crossing,10th Floor,WOW-42,,United Kingdom,N13-35
Icy-19,Calypso Stiger,26 Esker Point,Apt 790,bSB-27,,United Kingdom,GtS-08
BNi-68,Reina Crowche,662 Arapahoe Crossing,8th Floor,8us-17,,United Kingdom,d1X-71
S9O-85,Olav Funnell,34114 Sunfield Parkway,PO Box 54598,7F8-33,,United Kingdom,HHT-27
ZFB-49,Bern Cavaney,91660 Packers Point,PO Box 79231,9jB-19,,United Kingdom,OFo-01
diC-32,Arturo Jendas,399 Transport Way,Room 1344,D0x-10,,United Kingdom,0Mv-34
zXd-34,Elene Alenikov,59 Main Terrace,Apt 865,noB-14,,United Kingdom,BkN-76
P9t-77,Guglielmo Blazynski,206 Tennessee Drive,Suite 61,cw9-98,,United Kingdom,4B7-06
cwn-64,Jaquelyn Macquire,249 Shasta Junction,Apt 245,YLe-01,,United Kingdom,fNF-59
CMT-07,Leora Levick,8 Hudson Junction,Room 597,h45-78,,United Kingdom,rzK-50
U8X-94,Jack Tarney,68334 Red Cloud Court,PO Box 17639,2BV-47,,United Kingdom,Bt6-34
zMI-11,Madlin Dionisetti,56 Eliot Road,Apt 1666,0a4-70,,United Kingdom,2Xi-10
FzX-09,Julie Fitchew,43 Gateway Street,PO Box 19590,Xj7-11,,United Kingdom,Evu-79
9Bq-70,Carmita Swire,6535 Northland Point,Room 333,itU-12,,United Kingdom,y2a-67
WOt-26,Georgianna Dyos,1 Graedel Pass,19th Floor,NU3-59,,United Kingdom,o8K-35
amF-79,Glenn Littlejohns,4 Barby Street,Apt 1774,EJW-16,,United Kingdom,1UE-02
0tR-17,Nikolos Broggelli,92770 Carey Center,Suite 57,HBx-70,,United Kingdom,tIb-54
EBG-54,Marla Hulme,5 Green Ridge Lane,Apt 864,rEF-37,,United Kingdom,qiw-92
fJ2-31,Romy D'Alesio,90922 Magdeline Junction,11th Floor,T3v-80,,United Kingdom,F5N-92
oy9-89,Wylma Ketley,80433 Commercial Circle,Room 1233,j1c-87,,United Kingdom,SIq-65
SAx-24,Glendon Gunnell,9922 Fremont Road,Apt 1355,iHn-23,,United Kingdom,BCn-78
DP7-17,Rudolfo Ralph,2 Forest Dale Trail,Apt 153,KgP-01,,United Kingdom,6tO-96
CM6-15,Wendall Insall,8 Becker Center,Suite 74,bHb-13,,United Kingdom,1E4-05
ml0-95,Alvie Dumphrey,6 Burrows Point,Suite 95,FZl-72,,United Kingdom,aWe-58
2SN-10,Ange Connah,384 Farragut Terrace,Suite 16,P4u-49,,United Kingdom,lcZ-71
D08-38,Doti Udale,4 Bellgrove Parkway,20th Floor,vwA-05,,United Kingdom,FkS-89
ZUd-54,Modesty Woolfall,8250 Sycamore Place,Apt 845,BCW-27,,United Kingdom,6LJ-69
toq-56,Corie Janaszkiewicz,4642 Cambridge Crossing,PO Box 7008,OaT-26,,United Kingdom,Hdm-40
v90-95,Jolynn Latimer,4 Bluejay Circle,Apt 1022,SSd-63,,United Kingdom,gKl-88
GaV-30,Idette Johananov,411 Shasta Alley,Suite 69,eNE-57,,United Kingdom,kSV-84
mUk-42,Laurianne Gilbert,1 Cambridge Lane,Room 959,dgo-84,,United Kingdom,Oc7-55
4RG-84,Sapphira Boner,704 Monica Trail,Room 1457,h7K-92,,United Kingdom,iN8-91
MAE-26,Zahara Coughlin,0 Erie Hill,3rd Floor,pcS-73,,United Kingdom,agl-15
maX-69,Ring Elcott,5 Dawn Crossing,Room 1836,xIb-02,,United Kingdom,U6k-84
Auy-74,Merwyn Pakenham,4 Saint Paul Plaza,Suite 28,tUi-87,,United Kingdom,yPe-40
wJT-73,Galven Rothera,33 Dawn Court,Room 1342,VsA-51,,United Kingdom,pu1-55
G1B-26,Kellie Jacox,89 Shopko Road,Apt 1251,0oU-11,,United Kingdom,27a-33
Wbf-35,Claiborne Killiner,24605 Rusk Park,Room 386,Zuq-43,,United Kingdom,khx-81
036-58,Fran Wixon,909 Karstens Crossing,Apt 1828,XvN-45,,United Kingdom,TfJ-69
Ggf-88,Cynthie Ickovic,12710 Autumn Leaf Crossing,Apt 1583,BLo-57,,United Kingdom,Fwg-60
65l-85,Gabriele Leathley,4947 Shelley Point,Suite 41,4wF-09,,United Kingdom,QEI-64
uuY-59,Sergent Plak,06 Northview Junction,Room 1379,SbJ-86,,United Kingdom,IO6-08
14A-62,Nan MacMarcuis,2440 Comanche Place,Apt 629,hiR-13,,United Kingdom,kbA-73
8MN-17,Corry Le Grice,5 Grim Street,Suite 97,UDF-05,,United Kingdom,3E3-47
xab-22,Nolana Laurentino,0668 Linden Street,PO Box 86256,xK3-54,,United Kingdom,R6N-55
4UV-86,Clement Pasterfield,76 Logan Circle,2nd Floor,jvE-20,,United Kingdom,uK3-53
eYR-81,Haven Shoreman,97280 Nelson Way,PO Box 13957,knf-27,,United Kingdom,Ijk-78
vg9-28,Ray Parminter,961 Truax Street,Suite 47,OGl-15,,United Kingdom,R3X-30
hAe-99,Thomasin Mattusov,61 Oak Valley Trail,12th Floor,665-65,,United Kingdom,toW-25
yia-53,Lorna Spier,6181 Bluestem Way,Suite 48,pGL-76,,United Kingdom,i9u-31
BSK-39,Skippy Charrett,6074 Sheridan Parkway,Apt 1945,0d0-54,,United Kingdom,RPf-66
F5g-31,Tabor Burridge,81503 Messerschmidt Court,PO Box 20570,ZGl-26,,United Kingdom,nFq-33
Voj-20,Liana Kirgan,9 Larry Parkway,Room 483,1bb-08,,United Kingdom,1Kk-15
UMB-07,Kial Mingame,0235 Hansons Avenue,PO Box 12597,aMB-80,,United Kingdom,9ej-29
FPS-21,Tallie Vidgeon,1324 Oakridge Circle,Room 876,3ID-74,,United Kingdom,peO-92
hEY-19,Loren Allsupp,6 Lawn Center,Room 1333,xWs-86,,United Kingdom,YSM-49
jQu-41,Anatollo McCuaig,74195 Warbler Way,Apt 1509,umQ-60,,United Kingdom,cdf-42
15v-44,Zach Hause,62 Mandrake Road,Suite 59,vmw-07,,United Kingdom,TnE-54
Wgh-57,Althea Hallum,37 Sundown Lane,5th Floor,XKo-42,,United Kingdom,GSp-11
oep-58,Ambur Rambadt,80 Buhler Drive,PO Box 86548,jJU-84,,United Kingdom,9Yz-81
I5c-93,Derward Froment,06 Hoffman Crossing,Suite 8,54H-68,,United Kingdom,8ox-28
hdO-02,Rosamund Sigert,134 Blue Bill Park Alley,Suite 37,Y8T-40,,United Kingdom,U0f-42
KKs-23,Theo Conville,70204 Westport Trail,Apt 1156,IW5-90,,United Kingdom,Olu-17
hWW-30,Calhoun Crass,77 Utah Parkway,8th Floor,viV-30,,United Kingdom,igV-41
XKj-24,Patti Gaskarth,6 Oneill Court,1st Floor,U9R-54,,United Kingdom,iKF-48
vb2-18,Bevon Fendt,13 Spohn Point,12th Floor,Mjb-71,,United Kingdom,PEA-18
dLl-92,Modesta Moncur,464 Oakridge Court,PO Box 70408,Ipt-29,,United Kingdom,3Zh-52
cnz-76,Evyn Fancutt,195 Mandrake Crossing,3rd Floor,bxI-89,,United Kingdom,00L-69
XZx-95,Herby Sancto,8935 Badeau Street,5th Floor,bIB-62,,United Kingdom,O16-45
SB1-18,Ruperto Pantlin,2346 Pepper Wood Hill,5th Floor,EZQ-49,,United Kingdom,RZv-56
xvn-50,Renado Bothram,64973 Sugar Point,PO Box 910,qLy-42,,United Kingdom,fIQ-49
Z5D-20,Wilie Whitney,7125 Spohn Pass,Suite 25,Fk0-60,,United Kingdom,j7k-38
qMb-36,Jemmy Basnett,55234 Schmedeman Alley,Suite 96,FqO-13,,United Kingdom,Q2h-94
184-39,Desmund Espadero,96574 Kingsford Junction,PO Box 11207,baG-56,,United Kingdom,e1v-85
Kpg-97,Lacie MacTrustey,3844 Harbort Road,Suite 60,3bb-85,,United Kingdom,RWB-17
5x7-80,Sean Schaumaker,5 Redwing Avenue,Apt 1895,S3a-99,,United Kingdom,GY6-12
D4I-45,Noe Wick,411 Dahle Terrace,PO Box 99406,7OF-35,,United Kingdom,LdL-50
972-51,Tracy Beed,42 Hermina Point,Suite 48,0z9-80,,United Kingdom,m2Y-48
Olm-57,Velma Ringrose,0036 Hallows Parkway,Apt 336,t9r-16,,United Kingdom,cD2-78
Mxr-35,Edwina Mee,9777 Twin Pines Plaza,Suite 64,fk4-29,,United Kingdom,yY5-22
pbx-00,Trace Devil,2372 West Point,1st Floor,kG2-72,,United Kingdom,CJ3-88
a0A-14,Catlaina Rodnight,727 Ludington Circle,Suite 62,glq-69,,United Kingdom,Xnr-47
IF9-64,Neville Romanski,579 Trailsway Parkway,Room 1321,oKl-87,,United Kingdom,znp-22
3nS-03,Brendin Christy,0452 Corscot Street,Suite 14,0b2-01,,United Kingdom,dBW-38
rbw-32,Emelia Daws,1 Corscot Parkway,15th Floor,nnS-97,,United Kingdom,gac-43
gKZ-32,Gunilla Waything,2 Nelson Parkway,8th Floor,XEw-38,,United Kingdom,FWb-03
1Yt-58,Elsinore Lennie,12491 Sheridan Way,Suite 7,RDD-86,,United Kingdom,7xu-35
V9Z-04,Inglebert Pritty,3 Old Shore Junction,Apt 459,ntF-72,,United Kingdom,rIT-39
V19-30,Jonell Manford,18397 Killdeer Court,PO Box 9177,mx8-34,,United Kingdom,Y83-37
tQY-61,Wang MacMenamie,571 Clove Drive,15th Floor,Mge-05,,United Kingdom,wkh-51
lWT-26,Merissa Bromfield,20114 Maple Lane,Apt 1723,7PD-06,,United Kingdom,4nD-90
mFq-80,Hildagard Bosher,1 Nevada Plaza,Suite 75,y03-37,,United Kingdom,88V-64
ibZ-97,Virginia Ubach,4814 Schiller Park,Room 1255,IfX-39,,United Kingdom,uyM-00
ePy-45,Hyacinthie Menzies,7 Bartillon Way,Apt 33,93t-42,,United Kingdom,UDv-89
q8v-55,Craig McQuorkell,10390 Straubel Court,Apt 510,9cQ-74,,United Kingdom,KlG-12
4hL-92,Cleve Bidmead,9 Welch Parkway,Room 644,FBM-12,,United Kingdom,7Sn-28
cKg-82,Whitaker Shah,5409 Harbort Pass,Suite 2,2z0-61,,United Kingdom,tTs-64
HMG-82,Dukie Giacubbo,97008 Pond Junction,Apt 3,LEz-81,,United Kingdom,8XU-66
kGW-51,Frayda Braunthal,81558 Mitchell Drive,PO Box 15671,NBk-86,,United Kingdom,fDF-59
7M2-58,Brigida Puddifer,65 Brickson Park Drive,PO Box 45030,Fn5-04,,United Kingdom,jPL-61
Nri-46,Roddy Sewley,65 Fallview Street,Room 1762,q6a-88,,United Kingdom,aek-03
BA8-34,Gretta Domanek,396 Miller Point,PO Box 91363,TyP-03,,United Kingdom,V6o-26
o9n-98,Stephana Gasker,1 Trailsway Junction,Apt 1352,deh-56,,United Kingdom,Xr3-89
XMM-29,Aggi Petrovic,2741 Iowa Parkway,PO Box 59286,rBE-82,,United Kingdom,HBy-69
tnM-36,Gerrilee Studman,27 Stang Circle,15th Floor,KvI-45,,United Kingdom,Qi4-32
97r-19,Aleen Spitaro,2 Kennedy Parkway,Room 856,Rty-26,,United Kingdom,k6j-16
SdR-21,Lynnett Arrowsmith,792 Farragut Drive,Room 818,O2J-52,,United Kingdom,Hv4-90
yAg-79,Minnnie Feldhuhn,9 Monument Avenue,Suite 34,9hg-14,,United Kingdom,OjH-09
I9a-79,Dale Defty,87156 Harbort Junction,8th Floor,6eO-02,,United Kingdom,ICz-83
WGw-41,Silas Vautre,617 Pierstorff Circle,PO Box 69345,PIx-74,,United Kingdom,PYR-70
wOa-64,Pavia Toynbee,40434 Bashford Pass,PO Box 28787,H9E-19,,United Kingdom,bOE-51
byF-01,Savina Mullin,9 Northwestern Parkway,Room 191,fg4-20,,United Kingdom,IK1-65
zLe-51,Caterina Elstow,830 Ludington Road,Suite 68,TXB-63,,United Kingdom,hap-53
xDC-05,Marty Sherrell,876 Cambridge Lane,6th Floor,lrf-49,,United Kingdom,5kW-81
NnC-51,Ettore Guisler,224 Heffernan Circle,Suite 39,RCR-95,,United Kingdom,LH7-21
78I-09,Moses MacGahy,27521 Merrick Junction,Room 1260,BLA-12,,United Kingdom,avR-89
5IQ-25,Shelden Doe,165 Lakewood Gardens Alley,14th Floor,8fx-55,,United Kingdom,Gy6-73
e25-17,Isa Whiteway,9 Beilfuss Pass,Suite 81,RFX-67,,United Kingdom,CTp-92
np2-71,Darren Wetherell,56055 7th Lane,Apt 1576,lSM-57,,United Kingdom,Ssk-44
8TR-78,Oby Venturoli,5 Pennsylvania Point,Apt 307,taC-99,,United Kingdom,GiF-46
wOH-96,Gayle Tulleth,5217 Dawn Road,Suite 44,x4N-09,,United Kingdom,k1B-35
snC-80,Sofia Heintsch,60 Walton Plaza,Suite 99,WLT-57,,United Kingdom,Mkb-82
HQZ-82,Bondie MacCard,17 Prairieview Street,Apt 1922,N2w-00,,United Kingdom,Y4e-84
Pf8-36,Frederico MacGowan,0339 Dryden Center,Suite 92,iVL-75,,United Kingdom,oV9-05
CNd-76,Caressa Pastor,3465 Hazelcrest Place,Suite 38,NMp-57,,United Kingdom,hZJ-24
3LS-21,Kata Liddiard,8 Ludington Place,Suite 58,mv0-28,,United Kingdom,UCf-78
DTr-64,Chris Rippon,553 Continental Park,Suite 13,Dqk-25,,United Kingdom,Bk2-34
xQF-86,Ham Barkus,6 East Plaza,Apt 227,B9P-69,,United Kingdom,H8s-96
b1n-54,Leticia Jeavon,9 Bellgrove Trail,Suite 22,hX5-82,,United Kingdom,VLv-74
T0B-94,Janette Durn,319 Colorado Drive,Room 1478,VQ6-60,,United Kingdom,cj6-69
TVc-58,Augustin Look,187 Columbus Center,Apt 1259,pmF-40,,United Kingdom,8R3-54
upM-51,Rycca Riseborough,3 Annamark Park,PO Box 79907,Aat-25,,United Kingdom,1gP-40
5RZ-78,Dolf Coupe,2014 Miller Alley,Suite 100,ESy-77,,United Kingdom,NX2-18
Yof-20,Zenia Lethieulier,0269 Lien Point,Suite 21,nkO-71,,United Kingdom,HmN-81
mtK-85,Rainer Mackett,5 Schlimgen Place,Room 546,E3w-57,,United Kingdom,xhh-93
43r-96,Kerrie Durnill,94770 Barby Street,19th Floor,hD6-97,,United Kingdom,nHC-37
ntW-73,Cece Stenet,850 Russell Drive,Room 519,Ies-71,,United Kingdom,waQ-14
jVW-33,Letitia Elijah,5 Shasta Park,Apt 730,KbF-92,,United Kingdom,J98-35
ymJ-60,Wynnie Missen,9 Burrows Terrace,PO Box 39455,utV-33,,United Kingdom,Yyp-39
aXJ-37,Edwina Callicott,710 Shopko Point,Room 15,GQ7-41,,United Kingdom,Qrc-46
HmZ-85,Alissa Pitcher,5 Nobel Trail,PO Box 81013,BKp-71,,United Kingdom,Vti-35
yTY-14,Theodosia Penvarden,8 Loftsgordon Terrace,PO Box 52525,AoN-69,,United Kingdom,bEr-19
UaU-68,Ruthie Braysher,3 Drewry Junction,Apt 978,uB6-98,,United Kingdom,7to-01
OeJ-00,Yevette Bruckent,3249 Veith Alley,Apt 564,oSR-08,,United Kingdom,3PJ-15
m0y-64,Nefen Kinahan,57 Montana Point,Suite 14,U4R-24,,United Kingdom,ptD-85
oJw-59,Rosanna Whorf,3286 Armistice Point,Suite 100,DIm-66,,United Kingdom,2Q8-35
Jcf-70,Ches Ashburne,78 Anthes Parkway,PO Box 70753,Ano-76,,United Kingdom,vgK-56
S03-23,Emanuele McMorland,216 Sachs Crossing,Suite 71,3Eq-22,,United Kingdom,wK2-50
pt9-29,Rodger Millgate,89336 Dorton Park,Suite 58,TQv-98,,United Kingdom,8uZ-65
OX3-14,Roderic Normavell,521 Warner Plaza,PO Box 84289,Gy3-89,,United Kingdom,voc-87
3bk-19,Brigid Chiese,16 Becker Road,Apt 604,gLe-27,,United Kingdom,oGT-58
n42-45,Darda Cleever,68 Lindbergh Trail,Apt 1911,KCt-54,,United Kingdom,zcz-14
wCZ-86,Rosina Seivertsen,0972 Granby Pass,Suite 31,0b3-95,,United Kingdom,IYW-91
ToF-64,Nedda Cobbing,804 Barby Park,11th Floor,cen-14,,United Kingdom,kz3-68
XKb-62,Eydie Glencros,35 Clemons Trail,17th Floor,y0T-74,,United Kingdom,X73-76
nXm-25,Nani Daughtery,882 Toban Lane,20th Floor,lHE-61,,United Kingdom,HJk-93
9Mm-24,Robin Gallihaulk,7 David Alley,Suite 72,CZF-87,,United Kingdom,SNJ-29
R2O-15,Gunther Yarr,9349 Autumn Leaf Avenue,Suite 67,pV2-73,,United Kingdom,DlT-78
D67-16,Judy Soreau,7174 Amoth Place,Room 1784,QLo-07,,United Kingdom,snL-76
fn7-40,Tedie Scholfield,0709 Ryan Street,Suite 23,hvl-74,,United Kingdom,mnH-78
6dz-45,Forbes Figgins,62 Sheridan Terrace,Apt 190,Spy-08,,United Kingdom,Z2R-15
xUH-81,Maurits Bumpus,6211 Ohio Alley,PO Box 67747,iVe-20,,United Kingdom,xiy-73
OCe-68,Darryl Cullotey,283 Katie Point,Suite 81,ia9-06,,United Kingdom,slu-83
idC-93,Hayward Paton,22 Prairie Rose Trail,Room 1215,bqx-76,,United Kingdom,cbu-34
yNs-01,Cammi Struthers,47 Springview Park,Room 161,BsH-78,,United Kingdom,Iz3-24
F56-60,Zacharias Nestor,59560 Valley Edge Way,13th Floor,tby-72,,United Kingdom,h6L-91
2ge-75,Skipper Ribbon,10 Victoria Avenue,3rd Floor,J7V-06,,United Kingdom,9s2-40
KFa-58,Willie Gowlett,53037 Nova Hill,Room 591,h7e-39,,United Kingdom,vpZ-16
HIq-34,Alta Byrd,5163 Debs Junction,Room 166,K8y-54,,United Kingdom,GVY-46
p0r-30,Kalle Goodchild,6 Golf Course Alley,Apt 1392,kNT-12,,United Kingdom,jpq-60
sdi-20,Carlene Chinn,687 Dryden Park,Room 1958,PYA-31,,United Kingdom,GXo-43
Znn-23,Conway Boland,8735 Almo Drive,Apt 975,98r-54,,United Kingdom,qwT-12
g1F-12,Gene Farrell,2093 East Crossing,Room 217,fEy-33,,United Kingdom,pBD-46
D79-40,Bartlett Trevna,66 Saint Paul Avenue,PO Box 57128,jir-41,,United Kingdom,cY4-29
Shu-55,Joy Prate,62 David Court,Apt 1910,oF7-62,,United Kingdom,BpE-02
AtJ-01,Verla Studders,859 Butterfield Place,Room 1923,nkX-45,,United Kingdom,ow1-80
FwA-86,Anstice Jarrold,55 Maryland Hill,Apt 1485,9Mn-49,,United Kingdom,Ymi-17
zHx-67,Anastasia Rubenfeld,0 Lunder Terrace,PO Box 87901,OgY-24,,United Kingdom,rmP-74
W2o-42,Micah Veazey,4127 Anzinger Park,19th Floor,D4s-74,,United Kingdom,3hf-68
CLu-80,Alwyn Checcucci,45382 Wayridge Street,Apt 1218,raj-31,,United Kingdom,v6o-63
AZK-71,Calla McIlheran,20 Vahlen Point,Apt 1845,aRZ-11,,United Kingdom,c2M-12
s5I-33,Wilow Fogden,7 Ronald Regan Street,4th Floor,FD3-37,,United Kingdom,MqR-26
XNi-08,Sky Lavielle,743 Marquette Avenue,Suite 90,OfM-62,,United Kingdom,r8Z-24
UGc-17,Ricoriki Merry,8494 Village Green Junction,Suite 84,aZT-54,,United Kingdom,8ID-57
OAx-71,Lorrin Busfield,40 Mayer Road,Room 313,YZ9-78,,United Kingdom,4Vv-25
85F-46,Kelila Hepher,551 Ridge Oak Center,PO Box 55743,AEt-10,,United Kingdom,mAW-28
4sQ-54,Tome Herrieven,1 Pearson Drive,PO Box 53131,A9Z-87,,United Kingdom,aU0-34
aHt-76,Stevy Ambrogioni,8 Grim Parkway,PO Box 21144,Xpl-16,,United Kingdom,3nA-15
VOD-44,Claiborne Leveret,93 Pleasure Circle,Apt 1975,Uma-41,,United Kingdom,J2J-22
KpN-21,Rebeca Pitcaithly,2 Trailsway Circle,11th Floor,yzI-06,,United Kingdom,Oak-15
Vf7-48,Deeann Meineken,70 Sauthoff Terrace,Room 1713,46s-47,,United Kingdom,Ezl-13
